-- phpMyAdmin SQL Dump
-- version 5.2.1
-- https://www.phpmyadmin.net/
--
-- Host: 127.0.0.1
-- Generation Time: Apr 07, 2025 at 02:39 PM
-- Server version: 10.4.32-MariaDB
-- PHP Version: 8.2.12

SET SQL_MODE = "NO_AUTO_VALUE_ON_ZERO";
START TRANSACTION;
SET time_zone = "+00:00";


/*!40101 SET @OLD_CHARACTER_SET_CLIENT=@@CHARACTER_SET_CLIENT */;
/*!40101 SET @OLD_CHARACTER_SET_RESULTS=@@CHARACTER_SET_RESULTS */;
/*!40101 SET @OLD_COLLATION_CONNECTION=@@COLLATION_CONNECTION */;
/*!40101 SET NAMES utf8mb4 */;

--
-- Database: `techomax_finance`
--

-- --------------------------------------------------------

--
-- Table structure for table `tblaccount`
--

CREATE TABLE `tblaccount` (
  `id` bigint(20) UNSIGNED NOT NULL,
  `Category` text DEFAULT NULL,
  `Name` text DEFAULT NULL,
  `Phone` text DEFAULT NULL,
  `Address` text DEFAULT NULL,
  `city` text DEFAULT NULL,
  `Status` int(11) NOT NULL DEFAULT 0,
  `AddedDate` text DEFAULT NULL,
  `CreatedDate` text DEFAULT NULL
) ENGINE=InnoDB DEFAULT CHARSET=latin1 COLLATE=latin1_swedish_ci;

--
-- Dumping data for table `tblaccount`
--

INSERT INTO `tblaccount` (`id`, `Category`, `Name`, `Phone`, `Address`, `city`, `Status`, `AddedDate`, `CreatedDate`) VALUES
(1, 'Dealer', 'BALAJI MOBILE', '8484841130', 'MAIN ROAD NANDURBAR', 'NANDURBAR', 0, '2023-03-26', '2023-03-26 13:45:24'),
(2, 'Dealer', 'KAILAS TRADING AND COMPONY', '9284031731', 'SINDHI COLONY,NANDURBAR', 'NANDURBAR', 0, '2023-03-26', '2023-03-26 13:48:52'),
(3, 'Dealer', 'SHUBHAM GIFT HOUSE', '9158666654', 'TALODA ROAD,NANDURBAR', 'NANDURBAR', 0, '2023-03-26', '2023-03-26 13:50:12'),
(4, 'Dealer', 'HARIOM NOVELTY', '9860384702', 'SAI RACHNA COMPLEX NANDURBAR', 'NANDURBAR', 0, '2023-03-26', '2023-03-26 13:51:36'),
(5, 'Dealer', 'HARIOM MOBILITY', '8600195550', 'SAI RACHNA COMPLEX,NANDURBAR', 'NANDURBAR', 0, '2023-03-26', '2023-03-26 14:01:11'),
(6, 'Dealer', 'JIO MART ONLINE PURCHASE', '9999999999', 'JIO MART ONLINE', 'JIO MART ONLINE', 0, '2023-03-27', '2023-03-27 12:40:16'),
(7, 'Customer', 'test', '7826867868', 'Vadodara', 'Vadodara', 0, '2023-03-29', '2023-03-29 15:28:51'),
(8, 'Customer', 'KUSHAL JASRAJ JAIN', '9420902090', 'MAIN ROAD AKKALKUWA', 'AKKALKUWA', 0, '2023-03-31', '2023-03-31 15:33:22'),
(9, 'Dealer', 'BABA MOBILE ', '9822748698', 'SAI RACHNA COMPLAX NANDURBAR', 'NANDURBAR', 0, '2023-03-31', '2023-03-31 16:19:42'),
(10, 'Dealer', 'HITESH BALAJI ', '9823757576', 'BALAJI COMPLAX NANDURBAR', 'NANDURBAR ', 0, '2023-03-31', '2023-03-31 18:12:02'),
(11, 'Customer', 'KIRAN KUMBHAR ', '7588962022', 'KUMBHAR GALI AKKALKUWA ', 'AKKLKUWA ', 0, '2023-04-04', '2023-04-04 12:25:59'),
(12, 'Customer', 'MAKRANI NAJIM ', '9021757121', 'RAJMOHI (MOTHI) . TAL AKKALKUWA', 'AKKALKUWA', 0, '2023-04-04', '2023-04-04 13:03:22'),
(13, 'Customer', 'VASAVE PUNAM BARKYA', '8766007476', 'RAJMOHI  MOTHI ', 'AT POST. MOTHI RAJMOHI AKKALKUWA ', 0, '2023-04-04', '2023-04-04 15:12:59'),
(14, 'Customer', 'VASAVE NITESHKUMAR', '9510140365', 'MAIN ROAD BORTHA ', 'BORTHA ', 0, '2023-04-04', '2023-04-04 15:30:37'),
(15, 'Customer', 'RAYSING VALVI ', '7498385835', 'MAIN ROAD RATANBARA', 'RATANBARA', 0, '2023-04-04', '2023-04-04 15:50:08'),
(16, 'Customer', 'MAHENDRA VALVI ', '7016120505', 'MAIN ROAD AAMLIBARI ', 'AAMLIBARI ', 0, '2023-04-04', '2023-04-04 15:58:44'),
(17, 'Customer', 'DHARMENDRA JERMA PADVI ', '8788124652', 'MAIN ROAD DHANORA ', 'DHANORA', 0, '2023-04-05', '2023-04-05 10:16:30'),
(18, 'Customer', 'RIDDHI JAIN ', '766630171', 'MAIN ROAD AKKALKUWA', 'AKKALKUWA ', 0, '2023-04-05', '2023-04-05 11:01:57'),
(19, 'Customer', 'RIYAZBHAI BAMDURSING VASAVE', '9712330535', 'MAIN ROAD GANTHA ', 'GANTHA ', 0, '2023-04-05', '2023-04-05 11:18:02'),
(20, 'Customer', 'FALLSING MOTYA VASAVE ', '9373902826', 'MAIN ROAD GAMAN', 'GAMAN ', 0, '2023-04-05', '2023-04-05 11:36:31'),
(21, 'Customer', 'RAHUL JAIN ', '9426524184', 'MAIN ROAD AHEMDABAD ', 'AHEMDABAD ', 0, '2023-04-05', '2023-04-05 11:45:13'),
(22, 'Customer', 'JITENDRA JAKA VALVI ', '9420603492', 'MAIN ROAD PIPRIPADA', 'PIPRIPADA TAL. AKKALKUWA', 0, '2023-04-05', '2023-04-05 14:02:53'),
(23, 'Customer', 'UMESH PARDIP VALVI ', '7350070533', 'MAIN ROAD AKKALKUWA ', 'SORAPADA AKKALKUWA ', 0, '2023-04-05', '2023-04-05 14:20:41'),
(24, 'Customer', 'DEVIDAS SUBHASH VASAVE ', '7666698850', 'MAIN ROAD NENCHEVDI ', 'NENCHEVDI ', 0, '2023-04-05', '2023-04-05 14:39:11'),
(25, 'Customer', 'CHANDARSING PADVI ', '9370423938', 'MAIN ROAD KAWALIGAVAN ', 'KAWALIGAVAN ', 0, '2023-04-05', '2023-04-05 15:02:13'),
(26, 'Customer', 'ABHYJEET CHHAGAN VASAVE ', '8780737275', 'MAIN ROAD NANI DEVRUPAN ', 'NANI DEVRUPAN ', 0, '2023-04-07', '2023-04-07 10:47:18'),
(27, 'Customer', 'KIRAN PATIL ', '7378557096', 'MAIN ROAD AKKALKUWA ', 'AKKALKUWA ', 0, '2023-04-07', '2023-04-07 10:48:31'),
(28, 'Customer', 'CHOTULA BHAI ', '9404819986', 'MAIN ROAD KHAPAR ', 'KAHPAR ', 0, '2023-04-07', '2023-04-07 10:49:39'),
(29, 'Customer', 'RAHIL SHAIKH ', '7498909676', 'MAIN ROAD NAVAPUR ', 'NAVAPUR ', 0, '2023-04-07', '2023-04-07 10:50:49'),
(30, 'Customer', 'NILESH MARATHE ', '9860965718', 'LOHAR GALI AKKALKUWA ', 'AKKALKUWA ', 0, '2023-04-07', '2023-04-07 10:51:59'),
(31, 'Customer', 'BHABITA MOGYA VALVI ', '9404409071', 'MAIN ROAD KHATRI ', 'KHATRI ', 0, '2023-04-07', '2023-04-07 10:53:45'),
(32, 'Customer', 'DEVENDRA RAUT ', '8767823628', 'MAIN ROAD BOARDI ', 'BOARDI ', 0, '2023-04-07', '2023-04-07 10:55:12'),
(33, 'Customer', 'RAHULBHAI VASAVE ', '7823054052', 'MAIN ROAD KAVALIGAVAN ', 'KAVALIGAVAN ', 0, '2023-04-07', '2023-04-07 10:56:39'),
(34, 'Customer', 'NARAYAN RAJRAM PATEL ', '9426856191', 'MAIN ROAD BOHRAPA', 'BOHRAPA', 0, '2023-04-07', '2023-04-07 11:00:14'),
(35, 'Customer', 'MAHESH TADVI ', '9022968324', 'MAIN ROAD GODVANI ', 'GODVANI ', 0, '2023-04-07', '2023-04-07 13:07:22'),
(36, 'Customer', 'USHA VASAVE ', '9359807843', 'MAIN ROAD DAB ', 'DAB ', 0, '2023-04-07', '2023-04-07 13:19:04'),
(37, 'Customer', 'KHATIJABI JAHIRODDIN MAKRANI ', '9359807844', 'MAIN ROAD AKKALKUWA ', 'AKKALKUWA ', 0, '2023-04-07', '2023-04-07 16:49:19'),
(38, 'Customer', 'SARFARAZ BALOCH ', '9767633238', 'MAIN ROAD AKKALKUWA ', 'AKKALKUWA ', 0, '2023-04-08', '2023-04-08 11:53:01'),
(39, 'Customer', 'MAHESH VALVI ', '7666475731', 'MAIN ROAD AMBI ', 'AMBI ', 0, '2023-04-09', '2023-04-09 10:45:46'),
(40, 'Customer', 'RAYSING VALVI ', '9850068542', 'MAIN ROAD OF RATANBARA ', 'RATANBARA ', 2, '2023-04-09', '2023-04-09 11:03:55'),
(41, 'Customer', 'SUNIL PAWARA ', '9403428397', 'MAIN ROAD DHADGAN ', 'DHADGAN ', 0, '2023-04-09', '2023-04-09 11:08:46'),
(42, 'Customer', 'INDRAJIT VASAVE ', '9403263213', 'MAIN ROAD DHADGON ', 'DHADGAN ', 0, '2023-04-09', '2023-04-09 11:12:14'),
(43, 'Customer', 'ANKIT TAMBALI ', '9574883300', 'MAIN ROAD KUKARMUNDA ', 'KUKARMUNDA ', 0, '2023-04-09', '2023-04-09 11:33:56'),
(44, 'Customer', 'DIPAK TADVI ', '7498929544', 'MAIN ROAD KANKALI ', 'KANKALI ', 0, '2023-04-09', '2023-04-09 11:51:27'),
(45, 'Customer', 'DILIP VALVI ', '7874351264', 'MAIN ROAD MORAMBA ', 'MORAMBA ', 0, '2023-04-09', '2023-04-09 12:00:55'),
(46, 'Customer', 'DINESH JAYSING CHAUVAN ', '9755135252', 'MAIN ROAD PANSOMAL ', 'PANSOMAL ', 0, '2023-04-09', '2023-04-09 12:12:46'),
(47, 'Customer', 'MANOJ VALVI ', '9021686793', 'MAIN ROAD VARKHECLS 527', 'VARKHECLS', 0, '2023-04-09', '2023-04-09 12:29:05'),
(48, 'Customer', 'GOSAI KALPANA', '7043869062', 'NEAR MANDIR KUIDA ', 'SELAMBA (KUIDA)', 0, '2023-04-09', '2023-04-09 12:40:29'),
(49, 'Customer', 'DALPAL PADVI ', '9404087515', 'MAIN ROAD KATHI ', 'KATHI ', 0, '2023-04-09', '2023-04-09 12:44:00'),
(50, 'Customer', 'ASHISH MODI ', '8920327811', 'MAIN ROAD SAGABARA ', 'SAGABARA', 0, '2023-04-09', '2023-04-09 13:02:20'),
(51, 'Customer', 'BHANUDAS CHOUDRY ', '7875640010', 'MAIN ROAD AKKALKUWA ', 'AKKALKUWA ', 0, '2023-04-09', '2023-04-09 13:07:21'),
(52, 'Customer', 'MAKRANI ALTAMAS', '9510039731', 'MAIN ROAD PAAT ', 'PAAT ', 0, '2023-04-09', '2023-04-09 13:11:21'),
(53, 'Customer', 'SALAHODDIN SHAIKH ', '9823974015', 'MAIN ROAD AKKALKUWA ', 'AKKALKUWA ', 0, '2023-04-09', '2023-04-09 13:25:33'),
(54, 'Customer', 'DHANMENDRABHAI VASAVE ', '6351816530', 'MAIN ROAD UMAN ', 'UMAN POST PALASAWADA ', 0, '2023-04-09', '2023-04-09 13:38:42'),
(55, 'Customer', 'DIPESH JAIN ', '9403425009', 'MAIN ROAD AKKALKUWA ', 'AKKALKUWA ', 0, '2023-04-09', '2023-04-09 15:34:02'),
(56, 'Customer', 'VASAVE PARDIP ', '9106070361', 'MAIN ROAD ASHTA', 'ASHTA', 0, '2023-04-09', '2023-04-09 15:39:20'),
(57, 'Customer', 'VALVI ARVINDBHAI ', '6352942517', 'MAIN ROAD TARONDA ', 'TARONDA ', 0, '2023-04-09', '2023-04-09 15:51:46'),
(58, 'Customer', 'PADVI DINESHBAHI ', '9359432814', 'MAIN ROAD CHIMAVADI ', 'CHIMAVADI ', 0, '2023-04-09', '2023-04-09 15:58:43'),
(59, 'Customer', 'BHADURSING TADVI ', '7823865330', 'MAIN ROAD VEHEGI', 'VEHEGI ', 0, '2023-04-09', '2023-04-09 16:06:38'),
(60, 'Customer', 'DEEPAK GUKUL KUMAVAD', '8080721600', 'MAIN ROAD  DHADGON', 'DHADGON ', 0, '2023-04-09', '2023-04-09 16:15:32'),
(61, 'Customer', 'AADARSH SHANTILAL VALVI ', '9881638131', 'NEAR HANUMAN MANDIR RAJMOHI ', 'RAJMOHI ', 0, '2023-04-09', '2023-04-09 16:23:25'),
(62, 'Customer', 'MAGAM HONYA PAWARA ', '9404102039', 'MAIN ROAD SAKLIUMAR ', 'SAKLIUMAR ', 0, '2023-04-09', '2023-04-09 16:29:13'),
(63, 'Customer', 'ATIQ SHAIKH ', '8605165793', 'MAIN ROAD AKKALKUWA ', 'AKKALKUWA ', 0, '2023-04-09', '2023-04-09 16:34:39'),
(64, 'Customer', 'RAHUL VILAS SALUNKHE ', '7385520948', 'MAIN ROAD AKKALKUWA ', 'AKKALKUWA ', 0, '2023-04-09', '2023-04-09 16:45:44'),
(65, 'Customer', 'SANGRAMSING KESARSING RAUT', '9404015955', 'MAIN ROAD AKKALKUWA ', 'AKKALKUWA ', 0, '2023-04-09', '2023-04-09 16:49:45'),
(66, 'Customer', 'RIJWAN SIR ', '9423452958', 'JAMIYA AKKALKUWA ', 'AKKALKUWA ', 0, '2023-04-09', '2023-04-09 16:51:57'),
(67, 'Customer', 'RAKESH PADVI ', '8469491200', 'NEAR MANDIR PIPRIPADA ', 'PIPRIPADA ', 0, '2023-04-09', '2023-04-09 16:54:18'),
(68, 'Customer', 'VALVI TUSHAR ', '8849309798', 'MAIN ROAD JUNI BHILBHAVALI ', 'JUNI BHILBHAVALI ', 0, '2023-04-10', '2023-04-10 10:29:10'),
(69, 'Customer', 'MANISH VASAVE ', '7821073120', 'MAIN ROAD KHAPAR ', 'KHAPAR ', 0, '2023-04-10', '2023-04-10 10:32:48'),
(70, 'Customer', 'ROHIT SHUKLA ', '9309826914', 'NEAR BUS STAND AKKALKUWA ', 'AKKALKUWA ', 0, '2023-04-10', '2023-04-10 10:52:25'),
(71, 'Customer', 'SUNIL VALVI ', '8080228746', 'NEAR MANDIR MITHYFALI ', 'MITHYAFALI ', 0, '2023-04-10', '2023-04-10 11:08:50'),
(72, 'Customer', 'PARIMAL HARICULAS VASAVE ', '9879721090', 'MAIN ROAD TORANDA ', 'TORANDA ', 0, '2023-04-10', '2023-04-10 11:20:53'),
(73, 'Customer', 'ASHOK G PAWARA', '9356993541', 'NEAR MANDIR DHADGON ', 'DHADGON ', 0, '2023-04-11', '2023-04-11 15:41:27'),
(74, 'Customer', 'GAUTAM PATOLE ', '9860753681', 'MAIN ROAD AKKALKUWA ', 'AKKALKUWA ', 0, '2023-04-11', '2023-04-11 16:59:20'),
(75, 'Customer', 'GOVIND VASAVE ', '9428472311', 'NEAR MANDIR MORKHI ', 'MORKHI ', 0, '2023-04-11', '2023-04-11 17:04:11'),
(76, 'Customer', 'AJAYBHAI SHIVAJI VASAVE ', '8320555654', 'MANI ROAD SHIMAAMLI ', 'SHIMAAMLI ', 0, '2023-04-11', '2023-04-11 17:06:57'),
(77, 'Customer', 'VALVI PURVIBEN MRHANBHAI ', '9529780430', 'MAIN ROAD RAYGAD ', 'RAYGAD ', 0, '2023-04-11', '2023-04-11 17:17:43'),
(78, 'Customer', 'DIVYESH VASAVE ', '6355003795', 'NEAR MANDIR NANI DEVRUPAN ', 'NANI DEVRUPAN ', 0, '2023-04-11', '2023-04-11 17:29:40'),
(79, 'Customer', 'ARBAZ ABDUL SAMAD MAKRANI', '9850556032', 'NEAR MASJID GANGTHA ', 'GANGTHA ', 0, '2023-04-12', '2023-04-12 11:00:29'),
(80, 'Customer', 'SADDAM  ', '9429524461', 'JAMIHYA GALI AKKALKUWA', 'AKKALKUWA ', 0, '2023-04-12', '2023-04-12 11:08:34'),
(81, 'Customer', ' SHUBAM GIFT HOUSE ', '7020334781', 'VIMAL PLAZZA NANDURBAR ', 'NANDURBAR ', 0, '2023-04-15', '2023-04-15 11:19:44'),
(82, 'Customer', 'JAGADISH ROHIDAS PADVI ', '9322152350', 'NEAR MANDIR KAKALPUR ', 'KAKALPUR ', 0, '2023-04-15', '2023-04-15 14:54:42'),
(83, 'Customer', 'DIPAK SHARMA ', '9420381749', 'MAIN ROAD AMBABARI ', 'AMBABARI ', 0, '2023-04-15', '2023-04-15 15:06:40'),
(84, 'Customer', 'DIPIKABEN PADVI', '9773267137', 'MAIN ROAD MOULIPADA', 'MOULIPADA ', 0, '2023-04-15', '2023-04-15 15:41:27'),
(85, 'Customer', 'KANTYA RASHYA VASAVE ', '9021343184', 'NEAR MANDIR DAB', 'DAB ', 0, '2023-04-15', '2023-04-15 16:30:25'),
(86, 'Customer', 'RITIK SHAILENDAR PADVI  ', '8805670658', 'NEAR CENTRAL BANK  OF VANIYAVIHIR ', 'VANIYAVIHIR ', 0, '2023-04-15', '2023-04-15 16:42:52'),
(87, 'Customer', 'VIPUL VASAVE ', '9403033075', 'MAIN ROAD MOLGI', 'MOLGI ', 0, '2023-04-15', '2023-04-15 16:51:44'),
(88, 'Customer', 'ARBAZ ABDUL SAMAD MAKRANI ', '9712462818', 'NERA DARGA ROAD GANGTHA ', 'GANGTHA ', 2, '2023-04-16', '2023-04-16 10:45:10'),
(89, 'Customer', 'REYOHA VASAVE', '9764083348', 'MAIN ROAD KHAPAR ', 'KHAPAR ', 0, '2023-04-16', '2023-04-16 10:53:38'),
(90, 'Customer', 'VIVEK KUWARSING PADVI', '9322354188', 'NEAR MANDIR SONAPATI ', 'SONAPATI ', 0, '2023-04-16', '2023-04-16 10:59:03'),
(91, 'Customer', 'SIYARAM PADVI ', '9403981537', 'MAIN ROAD DANEL ', 'DANEL ', 0, '2023-04-16', '2023-04-16 11:09:38'),
(92, 'Customer', 'MAHESH DAMA VASAVE ', 'NOT ', 'MAIN ROAD KHANI ', 'KHANI ', 0, '2023-04-16', '2023-04-16 12:37:39'),
(93, 'Customer', 'RAMJI VASAVE ', '9322452462', 'MAIN ROAD AABHAGDAL', 'AABHAGDAL ', 0, '2023-04-16', '2023-04-16 15:29:21'),
(94, 'Customer', 'DINESH VALVI ', '9403982359', 'MAIN ROAD DANAL', 'DANAL ', 0, '2023-04-16', '2023-04-16 15:37:13'),
(95, 'Customer', 'JALSING HOMA PADVI ', '8263846536', 'MAIN ROAD DAB ', 'DAB ', 0, '2023-04-16', '2023-04-16 16:13:17'),
(96, 'Customer', 'GAVIT KRUSHNA RUSTUM ', '9322020836', 'MAIN ROAD RANNASI ', 'RANNASI ', 0, '2023-04-16', '2023-04-16 16:17:50'),
(97, 'Customer', 'PARBHASH SHANTILAL VASAVE ', '9586936358', 'MAIN ROAD AMYAR NAVI PHALI ', 'AMYAR(NAVI PHALI)', 0, '2023-04-16', '2023-04-16 17:13:20'),
(98, 'Customer', 'SANTOSH BADAL MANJARA ', '9527106835', 'MAIN ROAD SUNERDE ', 'SUNAREDE ', 0, '2023-04-17', '2023-04-17 16:29:25'),
(99, 'Customer', 'NITESH TADVI ', '9518508394', 'MAIN ROAD NALA', 'NALA ', 0, '2023-04-17', '2023-04-17 16:33:50'),
(100, 'Customer', 'SINGO FULJI VASAVE ', 'NOT ENTER', 'MAIN ROAD NARBADA NAGAR ', 'NARBADA NAGAR ', 0, '2023-04-17', '2023-04-17 16:44:38'),
(101, 'Customer', 'SURAPSING RUPJI PADVI ', '7823051442', 'NEAR MANDIR KHATWANI', 'KHATWANI ', 0, '2023-04-17', '2023-04-17 16:49:29'),
(102, 'Customer', 'PARSHANT OMPARKASH PADVI ', '9370100136', 'NEAR MANDIR SOCHDAN', 'SOCHDAN', 0, '2023-04-17', '2023-04-17 17:01:39'),
(103, 'Customer', 'SUDHAKAN VALVI ', 'NOT ENT', 'MAIN ROAD KHADAMRAI', 'KHADAMRAI', 0, '2023-04-17', '2023-04-17 17:09:38'),
(104, 'Customer', 'BHARAT SALVE ', 'NOT EN', 'MAIN ROAD AKKALKUWA ', 'AKKALKUWA ', 0, '2023-04-17', '2023-04-17 17:14:58'),
(105, 'Customer', 'SANJAY SORA VASAVE ', '9021141554', 'MAIN ROAD JAAWLI', 'JAAWLI', 0, '2023-04-17', '2023-04-17 17:30:05'),
(106, 'Customer', 'RATHWA BHORAT', '8238880857', 'MAIN ROAD SAGBARA ', 'SAGBARA ', 0, '2023-04-17', '2023-04-17 17:34:47'),
(107, 'Customer', 'HAPPY SOZY', '7986710071', 'MAIN ROAD AKKALKUWA NEAR HANUMAN MANDIR ', 'AKKALKUWA ', 0, '2023-04-25', '2023-04-25 10:25:28'),
(108, 'Customer', 'RAKESH SONPAT VASAVE ', '8788761434', 'NEAR Z.P SCHOOL VEHEGI', 'VEHEGI ', 0, '2023-04-25', '2023-04-25 10:29:39'),
(109, 'Customer', 'SAWAN PARKASH VASAVE ', '8323389831', 'MAIN ROAD UMRAN ', 'UMRAN ', 0, '2023-04-25', '2023-04-25 10:35:14'),
(110, 'Customer', 'HARDIK PATEL ', '8238250131', 'NEAR SCHOOL KUKARMUNDA', 'KUKARMUNDA ', 0, '2023-04-25', '2023-04-25 10:39:41'),
(111, 'Customer', 'PRAKASH BUARGI ', 'PRAKASH MA', 'MAIN ROAD MANBELI ', 'MANBELI ', 0, '2023-04-25', '2023-04-25 10:45:47'),
(112, 'Customer', 'VANSING VASAVE ', '7498907251', 'MAIN ROAD UNAKHAM ', 'UNAKHAM ', 0, '2023-04-25', '2023-04-25 10:50:21'),
(113, 'Customer', 'RAKESH VASAVE ', '9687228344', 'NEAR MANDIR PIMPARIPADA ', 'PIMPARIPADA ', 0, '2023-04-25', '2023-04-25 10:55:40'),
(114, 'Customer', 'VASANT NARSING VASAVE ', '9423087010', 'MAIN ROAD BIJRIPATI ', 'BIJRIPATI', 0, '2023-04-25', '2023-04-25 11:00:59'),
(115, 'Customer', 'VIRSING GADA PADVI ', '8010424308', 'MAIN ROAD SAKLIMAR ', 'SAKLIMAR ', 0, '2023-04-25', '2023-04-25 11:04:29'),
(116, 'Customer', 'PANDIL ', 'NO NUMBER', 'MAIN ROAD DAB ', 'DAB ', 0, '2023-04-25', '2023-04-25 11:09:06'),
(117, 'Customer', 'AKASHYE AMBALAL PADVI ', '9512331455', 'MAIN ROAD KOVATHA ', 'KOVATHA ', 0, '2023-04-25', '2023-04-25 11:14:49'),
(118, 'Customer', 'JYOTI SHIMJI VASAVE ', '8080690816', 'NEAR MANDIR PUNARVASAN ', 'PUNARVASAN ', 0, '2023-04-25', '2023-04-25 11:25:14'),
(119, 'Customer', 'DILVARSING PADVI ', 'NO MO.', 'MAIN ROAD AATI ', 'AATI ', 0, '2023-04-25', '2023-04-25 11:30:41'),
(120, 'Customer', 'INESH JEHARSING VASAVE ', 'NO NUM.', 'NEAR SCHOOL MOTI PARODI ', 'MOTI PARODI ', 0, '2023-04-25', '2023-04-25 11:36:43'),
(121, 'Customer', 'RAHUL TADVI ', '8080184162', 'MAIN ROAD BHARKUN ', 'BHARKUN ', 0, '2023-04-25', '2023-04-25 11:41:43'),
(122, 'Customer', 'KASHIRAM BEHAL ', '8780774865', 'MAIN ROAD CHIKLIPODA ', 'CHIKLIPODA ', 0, '2023-04-25', '2023-04-25 11:57:24'),
(123, 'Customer', 'AMIRA ', 'NO NUM..', 'MAIN ROAD AKKALKUWA', 'AKKALKUWA ', 0, '2023-04-25', '2023-04-25 12:00:49'),
(124, 'Customer', 'NAIK SURESH JAYWANT ', '9510562764', 'MAIN ROAD ITWAI', 'ITWAI ', 0, '2023-04-25', '2023-04-25 12:03:21'),
(125, 'Customer', 'RAMESH VASANT VASAVE ', '8080973746', 'MAIN ROAD SATONA ', 'SATONA ', 0, '2023-04-25', '2023-04-25 12:06:00'),
(126, 'Customer', 'INDRASING PADVI ', '8238244070', 'MAIN ROAD KAI ', 'KAI ', 0, '2023-04-25', '2023-04-25 12:10:17'),
(127, 'Customer', 'Ketan Jain', '9725520011', 'Aangan Aprtment Pritam Nagar-1 Kasak Road Bhauch', 'Bharuch', 2, '2024-10-16', '2024-10-16 11:34:47'),
(128, 'Dealer', 'Karan Shah', '848054758', '1, E wing, RK Casta Panchbatti ', 'Bharuch', 2, '2024-10-16', '2024-10-16 11:41:49'),
(129, 'Customer', 'Nikesh Jain', '9725520081', 'Bharuch', 'Bharuch', 2, '2025-02-28', '2025-02-28 15:06:42');

-- --------------------------------------------------------

--
-- Table structure for table `tbladmin`
--

CREATE TABLE `tbladmin` (
  `id` bigint(20) UNSIGNED NOT NULL,
  `Name` text DEFAULT NULL,
  `Phone` text DEFAULT NULL,
  `UserName` text DEFAULT NULL,
  `pass` text DEFAULT NULL,
  `Status` int(11) NOT NULL DEFAULT 0
) ENGINE=InnoDB DEFAULT CHARSET=latin1 COLLATE=latin1_swedish_ci;

--
-- Dumping data for table `tbladmin`
--

INSERT INTO `tbladmin` (`id`, `Name`, `Phone`, `UserName`, `pass`, `Status`) VALUES
(1, 'admin', '7984924838', 'admin', 'admin', 1),
(2, 'demo', '4747838767', 'demo', 'demo', 0),
(3, 'Aarif shaikh', '8805554929', 'aarif', 'aarif@123', 0),
(4, 'Karan Shah', '8722054758', 'karanshah', 'karanshah@123', 2);

-- --------------------------------------------------------

--
-- Table structure for table `tblcategory`
--

CREATE TABLE `tblcategory` (
  `id` bigint(20) UNSIGNED NOT NULL,
  `Category` text DEFAULT NULL,
  `Status` int(11) NOT NULL DEFAULT 0,
  `AddedDate` text DEFAULT NULL,
  `CreatedDate` text DEFAULT NULL
) ENGINE=InnoDB DEFAULT CHARSET=latin1 COLLATE=latin1_swedish_ci;

--
-- Dumping data for table `tblcategory`
--

INSERT INTO `tblcategory` (`id`, `Category`, `Status`, `AddedDate`, `CreatedDate`) VALUES
(1, 'SAMSUNG', 0, '2023-03-26', '2023-03-26 12:50:41'),
(2, 'OPPO', 0, '2023-03-26', '2023-03-26 12:50:55'),
(3, 'VIVO', 0, '2023-03-26', '2023-03-26 12:51:03'),
(4, 'REALME', 0, '2023-03-26', '2023-03-26 12:51:15'),
(5, 'MI(REDMI)', 0, '2023-03-26', '2023-03-26 12:51:48'),
(6, 'iPHONE(APPLE)', 0, '2023-03-26', '2023-03-26 12:52:16'),
(7, 'TECHNO', 0, '2023-03-26', '2023-03-26 12:52:28'),
(8, 'INFINIX', 0, '2023-03-26', '2023-03-26 12:52:36'),
(9, 'ONE PLUS', 0, '2023-03-26', '2023-03-26 12:52:55'),
(10, 'POCO', 0, '2023-03-31', '2023-03-31 14:48:34'),
(11, 'IQOO', 0, '2023-03-31', '2023-03-31 14:48:54'),
(12, 'MOTOROLA', 0, '2023-03-31', '2023-03-31 14:49:10'),
(13, 'Gonnie', 2, '2024-10-16', '2024-10-16 11:23:27'),
(14, 'Techomax', 2, '2025-02-28', '2025-02-28 16:02:31');

-- --------------------------------------------------------

--
-- Table structure for table `tbldailynote`
--

CREATE TABLE `tbldailynote` (
  `id` bigint(20) UNSIGNED NOT NULL,
  `mess` text DEFAULT NULL,
  `AddedDate` text DEFAULT NULL,
  `CreatedDate` text DEFAULT NULL
) ENGINE=InnoDB DEFAULT CHARSET=latin1 COLLATE=latin1_swedish_ci;

--
-- Dumping data for table `tbldailynote`
--

INSERT INTO `tbldailynote` (`id`, `mess`, `AddedDate`, `CreatedDate`) VALUES
(3, 'aa', '2025-04-07', '2025-04-07 13:17:15');

-- --------------------------------------------------------

--
-- Table structure for table `tbldeduction`
--

CREATE TABLE `tbldeduction` (
  `id` bigint(20) UNSIGNED NOT NULL,
  `CStore` int(11) DEFAULT 0,
  `Receiver` int(11) DEFAULT 0,
  `loanId` text DEFAULT NULL,
  `EMIValue` text DEFAULT NULL,
  `Penlty` varchar(100) DEFAULT NULL,
  `Total` varchar(100) DEFAULT NULL,
  `TransID` varchar(200) DEFAULT NULL,
  `PaymentType` text DEFAULT NULL,
  `Status` int(11) NOT NULL DEFAULT 0,
  `AddedDate` text DEFAULT NULL,
  `CreatedDate` text DEFAULT NULL
) ENGINE=InnoDB DEFAULT CHARSET=latin1 COLLATE=latin1_swedish_ci;

--
-- Dumping data for table `tbldeduction`
--

INSERT INTO `tbldeduction` (`id`, `CStore`, `Receiver`, `loanId`, `EMIValue`, `Penlty`, `Total`, `TransID`, `PaymentType`, `Status`, `AddedDate`, `CreatedDate`) VALUES
(1, 1, 0, '1', '1800', '0', '1800', NULL, NULL, 0, '2023-04-05', '2023-04-05 10:18:17'),
(2, 1, 0, '1', '1800', '0', '1800', NULL, NULL, 0, '2023-04-05', '2023-04-05 10:19:15'),
(3, 1, 0, '2', '850', '0', '850', NULL, 'Array', 0, '2023-04-05', '2023-04-05 11:29:44'),
(4, 1, 0, '2', '850', '0', '850', NULL, 'Cash', 0, '2023-04-05', '2023-04-05 11:30:15'),
(5, 1, 0, '1', '1800', '0', '1800', NULL, 'Cash', 0, '2023-04-05', '2023-04-05 13:35:13'),
(6, 1, 0, '1', '1800', '450', '2250', NULL, 'Cash', 0, '2024-10-16', '2024-10-16 13:15:11'),
(7, 1, 0, '1', '1800', '0', '1800', NULL, 'Cash', 0, '2024-10-16', '2024-10-16 14:15:01'),
(8, 1, 0, '2', '850', '450', '1300', NULL, 'Cash', 0, '2024-10-16', '2024-10-16 14:41:28'),
(9, 1, 0, '2', '850', '0', '850', NULL, 'Cash', 0, '2024-10-16', '2024-10-16 17:12:38'),
(10, 1, 0, '2', '850', '0', '850', NULL, 'Cash', 0, '2024-10-16', '2024-10-16 17:12:41'),
(11, 1, 0, '3', '4189', '0', '4189', NULL, 'Cash', 0, '2024-10-16', '2024-10-16 17:57:39'),
(12, 1, 0, '5', '14232', '0', '14232', NULL, 'Cash', 0, '2025-02-28', '2025-02-28 15:13:51'),
(13, 1, 0, '5', '14232', '150', '14382', NULL, 'Cash', 0, '2025-04-07', '2025-04-07 14:48:19'),
(14, 1, 0, '3', '4189', '450', '4639', NULL, 'Cash', 0, '2025-04-07', '2025-04-07 14:50:16'),
(15, 1, 0, '3', '4189', '0', '4189', NULL, 'Cash', 0, '2025-04-07', '2025-04-07 14:50:19'),
(16, 1, 0, '3', '4189', '0', '4189', NULL, 'Cash', 0, '2025-04-07', '2025-04-07 14:50:21'),
(17, 1, 0, '3', '4189', '0', '4189', NULL, 'Cash', 0, '2025-04-07', '2025-04-07 14:50:24'),
(18, 1, 0, '3', '4189', '0', '4189', NULL, 'Cash', 0, '2025-04-07', '2025-04-07 14:50:27'),
(19, 1, 0, '3', '4189', '0', '4189', NULL, 'Cash', 0, '2025-04-07', '2025-04-07 14:50:29'),
(20, 1, 0, '3', '4189', '0', '4189', NULL, 'Cash', 0, '2025-04-07', '2025-04-07 14:50:32'),
(21, 1, 0, '3', '4189', '0', '4189', NULL, 'Cash', 0, '2025-04-07', '2025-04-07 14:50:35'),
(22, 1, 0, '3', '4189', '0', '4189', NULL, 'Cash', 0, '2025-04-07', '2025-04-07 14:50:38'),
(23, 1, 0, '3', '4189', '0', '4189', NULL, 'Cash', 0, '2025-04-07', '2025-04-07 14:50:41'),
(24, 1, 0, '3', '4189', '0', '4189', NULL, 'Cash', 0, '2025-04-07', '2025-04-07 14:50:44'),
(25, 1, 0, '2', '850', '450', '1300', NULL, 'Cash', 0, '2025-04-07', '2025-04-07 14:52:40'),
(26, 1, 0, '5', '154232', '0', '154232', NULL, 'Cash', 0, '2025-04-07', '2025-04-07 16:23:35'),
(27, 1, 0, '5', '18232', '0', '18232', NULL, 'Cash', 0, '2025-04-07', '2025-04-07 16:23:52'),
(28, 1, 0, '5', '10000', '0', '10000', NULL, 'Cash', 0, '2025-04-07', '2025-04-07 16:25:00'),
(29, 1, 0, '2', '200', '0', '200', NULL, 'Cash', 0, '2025-04-07', '2025-04-07 16:25:14');

-- --------------------------------------------------------

--
-- Table structure for table `tblfinance`
--

CREATE TABLE `tblfinance` (
  `id` bigint(20) UNSIGNED NOT NULL,
  `BillNo` text DEFAULT NULL,
  `CStore` text DEFAULT NULL,
  `orderno` text DEFAULT NULL,
  `SaleDate` text DEFAULT NULL,
  `Finance` text DEFAULT NULL,
  `customer` text DEFAULT NULL,
  `Category` text DEFAULT NULL,
  `Product` text DEFAULT NULL,
  `variant` text DEFAULT NULL,
  `imei` text DEFAULT NULL,
  `colour` text DEFAULT NULL,
  `RName` text DEFAULT NULL,
  `RPhone` text DEFAULT NULL,
  `RAddress` text DEFAULT NULL,
  `MRP` text DEFAULT NULL,
  `Price` text DEFAULT NULL,
  `DownPayment` text DEFAULT NULL,
  `ProcessingFee` text DEFAULT NULL,
  `EMICharge` text DEFAULT NULL,
  `FinanceAmount` text DEFAULT NULL,
  `MonthDuration` text DEFAULT NULL,
  `EMIValue` text DEFAULT NULL,
  `Penalty` text DEFAULT NULL,
  `Status` int(11) NOT NULL DEFAULT 0,
  `DeductionDate` text DEFAULT NULL,
  `FinancialYear` text DEFAULT NULL,
  `AddedDate` text DEFAULT NULL,
  `CreatedDate` text DEFAULT NULL
) ENGINE=InnoDB DEFAULT CHARSET=latin1 COLLATE=latin1_swedish_ci;

--
-- Dumping data for table `tblfinance`
--

INSERT INTO `tblfinance` (`id`, `BillNo`, `CStore`, `orderno`, `SaleDate`, `Finance`, `customer`, `Category`, `Product`, `variant`, `imei`, `colour`, `RName`, `RPhone`, `RAddress`, `MRP`, `Price`, `DownPayment`, `ProcessingFee`, `EMICharge`, `FinanceAmount`, `MonthDuration`, `EMIValue`, `Penalty`, `Status`, `DeductionDate`, `FinancialYear`, `AddedDate`, `CreatedDate`) VALUES
(1, '1', '1', 'TS-2022-2023/1', '2023-03-31', 'Bajaj Finance', '8', '3', '19', '', '864004060655211', 'GREEN ', 'AKBAR ', '9850068543', 'RAJMOHI (CHOTI)', '9500', '12000', '5000', '500', '300', '9000', '5', '1800', '450', 1, '5', '2022', '2023-03-31', '2023-03-31 16:03:36'),
(2, '1', '1', 'TS-2023-2024/1', '2023-04-04', 'Bajaj Finance', '7', '2', '3', '', '732897928798798', 'Black', 'Mihir', '7984378478', 'Vadodra', '', '12000', '5000', '500', '100', '8500', '10', '850', '450', 0, '1', '2023', '2023-04-04', '2023-04-04 11:45:18'),
(3, '1', '1', 'TS-2024-2025/1', '2024-10-16', 'Bajaj Finance', '18', '1', '225', '', '865214521445298', 'Purple', 'Riddhi Jain', '987654213', 'Shivshakiti Apartment nr Dmart Barodil', '59750', '56762.5', '10000', '500', '250', '50262', '12', '4189', '450', 1, '1', '2024', '2024-10-16', '2024-10-16 12:31:53'),
(4, '2', '1', 'TS-2024-2025/2', '2024-10-16', 'Bajaj Finance', '8', '1', '226', '', '865214521478944', 'White', 'Mihir', '987456520', 'Shivshakiti Apartment nr Dmart Barodil', '129999', '129999', '25000', '500', '100', '106699', '12', '8892', '450', 0, '5', '2024', '2024-10-16', '2024-10-16 13:07:24'),
(5, '3', '1', 'TS-2024-2025/3', '2025-02-28', 'Bajaj Finance', '7', '1', '85', '', '123', 'Black', 'Nikesh', '12345657890', 'Bahruch', '', '80000', '10000', '159', '200', '71159', '5', '14232', '150', 1, '1', '2024', '2025-02-28', '2025-02-28 15:13:28');

-- --------------------------------------------------------

--
-- Table structure for table `tblimeitrack`
--

CREATE TABLE `tblimeitrack` (
  `id` bigint(20) UNSIGNED NOT NULL,
  `PurchaseId` text DEFAULT NULL,
  `IMEI` text DEFAULT NULL,
  `Category` text DEFAULT NULL,
  `Product` text DEFAULT NULL,
  `variant` text DEFAULT NULL,
  `Colour` text DEFAULT NULL,
  `price` text DEFAULT NULL,
  `tax` text DEFAULT NULL,
  `Landing` text DEFAULT NULL,
  `total` text DEFAULT NULL,
  `Status` int(11) NOT NULL DEFAULT 0
) ENGINE=InnoDB DEFAULT CHARSET=latin1 COLLATE=latin1_swedish_ci;

--
-- Dumping data for table `tblimeitrack`
--

INSERT INTO `tblimeitrack` (`id`, `PurchaseId`, `IMEI`, `Category`, `Product`, `variant`, `Colour`, `price`, `tax`, `Landing`, `total`, `Status`) VALUES
(1, '1', '6935117856957', '3', '26', NULL, 'GREEN', '15500', '18', NULL, '15500', 0),
(2, '1', '6935117856957', '3', '26', NULL, 'GREEN', '15500', '18', NULL, '15500', 0),
(3, '1', '863340069229132', '3', '26', NULL, 'GREEN', '15500', '18', NULL, '15500', 0),
(4, '1', '863340069220404', '3', '26', NULL, 'GREEN', '15500', '18', NULL, '15500', 1),
(5, '1', '863340069228308', '3', '26', NULL, 'GREEN', '15500', '18', NULL, '15500', 0),
(6, '1', '6935117856957', '3', '26', NULL, 'GREEN', '15500', '18', NULL, '15500', 0),
(7, '1', '863340066569118', '3', '26', NULL, 'GREEN ', '15500', '18', NULL, '15500', 1),
(8, '1', '867095061206811', '3', '26', NULL, 'GREEN ', '15500', '18', NULL, '15500', 0),
(9, '1', '863340066569456', '3', '26', NULL, 'GREEN ', '15500', '18', NULL, '15500', 0),
(10, '1', '866382062003038', '3', '26', NULL, 'GREEN ', '15500', '18', NULL, '15500', 1),
(11, '2', '863340066569456', '3', '25', NULL, 'GREEN', '14500', '18', NULL, '14500', 0),
(12, '3', '862682064158555', '3', '22', NULL, 'GOLD', '11500', '18', NULL, '11500', 0),
(13, '3', '869130064656437', '3', '22', NULL, 'GOLD', '11500', '18', NULL, '11500', 0),
(14, '3', '862207065303313', '3', '22', NULL, 'BLACK', '11500', '18', NULL, '11500', 0),
(15, '3', '862207065304634', '3', '22', NULL, 'BLACK', '11500', '18', NULL, '11500', 1),
(16, '3', '862207065303073', '3', '22', NULL, 'BLACK ', '11500', '18', NULL, '11500', 0),
(17, '3', '6935117855141', '3', '22', NULL, 'GLOD', '11500', '18', NULL, '11500', 0),
(18, '3', '862207066708577', '3', '22', NULL, 'GOLD', '11500', '18', NULL, '11500', 0),
(19, '3', '862207065304899', '3', '22', NULL, 'GOLD', '11500', '18', NULL, '11500', 0),
(20, '3', '862207066701150', '3', '22', NULL, 'BLACK', '11500', '18', NULL, '11500', 1),
(21, '3', '862207065304030', '3', '22', NULL, 'BLACK', '11500', '18', NULL, '11500', 0),
(22, '3', '869842067223318', '3', '22', NULL, 'GREEN', '11500', '18', NULL, '11500', 0),
(23, '3', '867897066855058', '3', '22', NULL, 'GOLD', '11500', '18', NULL, '11500', 0),
(24, '3', '867897066569105', '3', '22', NULL, 'GOLD', '11500', '18', NULL, '11500', 0),
(25, '3', '862682064158357', '3', '22', NULL, 'GOLD', '11500', '18', NULL, '11500', 0),
(26, '3', '867897066568594', '3', '22', NULL, 'GOLD', '11500', '18', NULL, '11500', 0),
(27, '3', '869130063042795', '3', '22', NULL, 'BLACK', '11500', '18', NULL, '11500', 0),
(28, '4', '869017069353450', '3', '21', NULL, 'BLACK', '10500', '18', NULL, '10500', 0),
(29, '4', '869017069353732', '3', '21', NULL, 'BLACK', '10500', '18', NULL, '10500', 1),
(30, '4', '869017069355174', '3', '21', NULL, 'BLACK', '10500', '18', NULL, '10500', 0),
(31, '4', '869017069352999', '3', '21', NULL, 'BLACK', '10500', '18', NULL, '10500', 0),
(32, '4', '869017060687153', '3', '21', NULL, 'GOLD', '10500', '18', NULL, '10500', 0),
(33, '4', '869017069347130', '3', '21', NULL, 'BLACK', '10500', '18', NULL, '10500', 1),
(34, '5', '866642067921496', '3', '2', NULL, 'GOLD', '17500', '18', NULL, '17500', 0),
(35, '5', '866642066742232', '3', '2', NULL, 'BLACK', '17500', '18', NULL, '17500', 0),
(36, '5', '866642066772619', '3', '2', NULL, 'BLACK', '17500', '18', NULL, '17500', 0),
(37, '5', '866642069086470', '3', '2', NULL, 'GOLD', '17500', '18', NULL, '17500', 0),
(38, '5', '866642069085837', '3', '2', NULL, 'GOLD', '17500', '18', NULL, '17500', 0),
(39, '5', '866642066721491', '3', '2', NULL, 'BLACK', '17500', '18', NULL, '17500', 0),
(40, '5', '866642066726557', '3', '2', NULL, 'BLACK', '17500', '18', NULL, '17500', 0),
(41, '5', '866642064944855', '3', '1', NULL, 'GOLD', '17500', '18', NULL, '17500', 0),
(42, '5', '866642066725195', '3', '2', NULL, 'BLACK', '17500', '18', NULL, '17500', 0),
(43, '5', '867681060508313', '3', '2', NULL, 'BLACK', '17500', '18', NULL, '17500', 0),
(44, '5', '866642067922791', '3', '2', NULL, 'GOLD', '17500', '18', NULL, '17500', 0),
(45, '5', '866642064959416', '3', '2', NULL, 'GOLD', '17500', '18', NULL, '17500', 0),
(46, '5', '867681060352852', '3', '2', NULL, 'BLACK', '17500', '18', NULL, '17500', 0),
(47, '5', '867681060883161', '3', '2', NULL, 'GOLD', '17500', '18', NULL, '17500', 0),
(48, '6', '869296066079470', '3', '1', NULL, 'BLACK', '24000', '18', NULL, '24000', 0),
(49, '6', '869296064432390', '3', '1', NULL, 'BULE', '24000', '18', NULL, '24000', 0),
(50, '6', '869296065692711', '3', '1', NULL, 'GOLD', '24000', '18', NULL, '24000', 0),
(51, '6', '869296069685802', '3', '1', NULL, 'GOLD', '24000', '18', NULL, '24000', 0),
(52, '6', '869296066079744', '3', '1', NULL, 'BLACK', '24000', '18', NULL, '24000', 1),
(53, '6', '869296063814812', '3', '1', NULL, 'GOLD', '24000', '18', NULL, '24000', 0),
(54, '6', '869296063813418', '3', '1', NULL, 'GOLD', '24000', '18', NULL, '24000', 0),
(55, '6', '869296063676161', '3', '1', NULL, 'BLACK', '24000', '18', NULL, '24000', 1),
(56, '6', '869296063813392', '3', '1', NULL, 'GOLD', '24000', '18', NULL, '24000', 0),
(57, '7', '861531061224236', '3', '44', NULL, 'BLACK', '19000', '18', NULL, '19000', 1),
(58, '7', '861531063590055', '3', '44', NULL, 'BLACK', '19000', '18', NULL, '19000', 1),
(59, '7', '861531063585733', '3', '44', NULL, 'BLACK', '19000', '18', NULL, '19000', 1),
(60, '7', '861531061453470', '3', '44', NULL, 'ORANGE', '19000', '18', NULL, '19000', 1),
(61, '8', '866323058246512', '3', '32', NULL, 'GALAXY', '21000', '18', NULL, '21000', 1),
(62, '9', '865700053969373', '3', '31', NULL, 'WAVES', '19000', '18', NULL, '19000', 0),
(63, '9', '865700055989718', '3', '31', NULL, 'WAVES', '19000', '18', NULL, '19000', 0),
(64, '10', '868188058077110', '3', '46', NULL, 'DAIMOND', '19000', '18', NULL, '19000', 0),
(65, '10', '869175059019497', '3', '46', NULL, 'DAIMOND ', '19000', '18', NULL, '19000', 0),
(66, '11', '866741056611553', '3', '35', NULL, 'GOLD', '29000', '18', NULL, '29000', 0),
(67, '11', '866741059073694', '3', '35', NULL, 'GOLD', '29000', '18', NULL, '29000', 0),
(68, '12', '869599059164674', '3', '33', NULL, 'BLUE', '24000', '18', NULL, '24000', 0),
(69, '13', '863067068578157', '3', '36', NULL, 'BLACK', '32000', '18', NULL, '32000', 1),
(70, '13', '863067069961097', '3', '36', NULL, 'BLUE', '32000', '18', NULL, '32000', 0),
(71, '13', '863067069959570', '3', '36', NULL, 'BLUE', '32000', '18', NULL, '32000', 0),
(72, '13', '863067068577712', '3', '36', NULL, 'BALCK ', '32000', '18', NULL, '32000', 1),
(73, '14', '866670067517147', '3', '38', NULL, 'BLUE', '37000', '18', NULL, '37000', 2),
(74, '14', '866670067523574', '3', '38', NULL, 'BLUE', '37000', '18', NULL, '37000', 1),
(75, '15', '864931066770679', '3', '47', NULL, 'BLUE', '31000', '18', NULL, '31000', 0),
(76, '15', '867261065845950', '3', '47', NULL, 'BLUE', '31000', '18', NULL, '31000', 0),
(77, '16', '864931065924855', '3', '34', NULL, 'BLACK ', '27000', '18', NULL, '27000', 1),
(78, '16', '864931063529771', '3', '34', NULL, 'BLUE', '27000', '18', NULL, '27000', 0),
(79, '16', '867261060677135', '3', '34', NULL, 'BLACK', '27000', '18', NULL, '27000', 0),
(80, '16', '864931063530852', '3', '34', NULL, 'BLUE', '27000', '18', NULL, '27000', 0),
(81, '16', '867261060954971', '3', '34', NULL, 'BLUE', '27000', '18', NULL, '27000', 0),
(82, '16', '864931063530316', '3', '34', NULL, 'BLUE', '27000', '18', NULL, '27000', 0),
(83, '16', '864931063529201', '3', '34', NULL, 'BLUE', '27000', '18', NULL, '27000', 0),
(84, '17', '869554064888536', '3', '20', NULL, 'BLACK', '9000', '18', NULL, '9000', 0),
(85, '18', '868236069485770', '3', '18', NULL, 'GOLD', '7000', '18', NULL, '7000', 1),
(86, '19', '863935055720232', '3', '42', NULL, 'BLUE', '24000', '18', NULL, '24000', 0),
(87, '20', '867718058946996', '3', '41', NULL, 'GOLD', '38000', '18', NULL, '38000', 0),
(88, '21', '866094061310377', '3', '28', NULL, 'SKY', '17000', '18', NULL, '17000', 0),
(89, '22', '862268068632736', '3', '27', NULL, 'SKY', '13500', '18', NULL, '13500', 1),
(90, '22', '865225061632474', '3', '27', NULL, 'BLACK', '13500', '18', NULL, '13500', 0),
(91, '23', '865155064956952', '3', '29', NULL, 'DAIMOND ', '13500', '18', NULL, '13500', 0),
(92, '23', '865225061632474', '3', '29', NULL, 'BLACK', '13500', '18', NULL, '13500', 0),
(93, '24', '865225064460998', '3', '30', NULL, 'BLUE', '14000', '18', NULL, '14000', 0),
(94, '24', '865155069076491', '3', '30', NULL, 'BLUE', '14000', '18', NULL, '14000', 1),
(95, '25', '866008051151575', '3', '24', NULL, 'DIAMOND', '13000', '18', NULL, '13000', 0),
(96, '26', '869669059170755', '3', '23', NULL, 'BLUE', '11500', '18', NULL, '11500', 0),
(97, '26', '862495050966554', '3', '23', NULL, 'BLUE', '11500', '18', NULL, '11500', 0),
(98, '27', '868265059500652', '3', '43', NULL, 'BLACK', '49000', '18', NULL, '49000', 0),
(99, '28', '862536057942450', '3', '19', NULL, 'BLUE', '8500', '18', NULL, '8500', 0),
(100, '28', '864004060689053', '3', '19', NULL, 'BLUE', '8500', '18', NULL, '8500', 0),
(101, '28', '868872056459954', '3', '19', NULL, 'BLUE ', '8500', '18', NULL, '8500', 0),
(102, '28', '864004060696116', '3', '19', NULL, 'BLUE', '8500', '18', NULL, '8500', 1),
(103, '28', '864004060697353', '3', '19', NULL, 'BLUE', '8500', '18', NULL, '8500', 0),
(104, '28', '8640040605211', '3', '19', NULL, 'BLUE', '8500', '18', NULL, '8500', 1),
(105, '28', '868872057028113', '3', '19', NULL, 'BLUE', '8500', '18', NULL, '8500', 0),
(106, '29', '869388050400596', '9', '53', NULL, 'BLUE', '34000', '18', NULL, '34000', 2),
(107, '30', '861484060522152', '9', '48', NULL, 'BLUE', '15000', '18', NULL, '15000', 2),
(108, '30', '861484060585258', '9', '48', NULL, 'BLACK', '15000', '18', NULL, '15000', 2),
(109, '30', '861484061799437', '9', '48', NULL, 'BLACK', '15000', '18', NULL, '15000', 2),
(110, '30', '861484060651373', '9', '48', NULL, 'BLACK', '15000', '18', NULL, '15000', 2),
(111, '31', '866775060427739', '9', '50', NULL, 'GREEN', '41000', '18', NULL, '41000', 2),
(112, '32', '865780061892775', '9', '51', NULL, 'BLACK', '41000', '18', NULL, '41000', 2),
(113, '33', '869559069478092', '9', '55', NULL, 'GRAY', '24000', '18', NULL, '24000', 2),
(114, '34', '869388051904059', '9', '53', NULL, 'SKY', '41000', '18', NULL, '41000', 1),
(115, '35', '869437050256019', '9', '52', NULL, 'BLACK', '35000', '18', NULL, '35000', 2),
(116, '36', '868368052523190', '9', '49', NULL, 'BLACK', '65000', '18', NULL, '65000', 2),
(117, '36', '868368052615657', '9', '49', NULL, 'EMERALD', '65000', '18', NULL, '65000', 2),
(118, '37', '868480045646788', '5', '56', NULL, 'BLUE', '11000', '18', NULL, '11000', 2),
(119, '37', '861506061860957', '5', '56', NULL, 'BLACK', '11000', '18', NULL, '11000', 2),
(120, '37', '868480045646887', '5', '56', NULL, 'BLUE', '11000', '18', NULL, '11000', 2),
(121, '37', '861506061831156', '5', '56', NULL, 'BLUE', '11000', '18', NULL, '11000', 2),
(122, '37', '861506061861757', '5', '56', NULL, 'BLACK', '11000', '18', NULL, '11000', 2),
(123, '37', '861506061115568', '5', '56', NULL, ' BLACK', '11000', '18', NULL, '11000', 2),
(124, '37', '861506061831115', '5', '56', NULL, 'BLUE', '11000', '18', NULL, '11000', 2),
(125, '37', '861506061845594', '5', '56', NULL, 'BLUE', '11000', '18', NULL, '11000', 2),
(126, '37', '868480045652505', '5', '56', NULL, 'BLUE', '11000', '18', NULL, '11000', 2),
(127, '37', '851506061121145', '5', '56', NULL, 'SILVER', '11000', '18', NULL, '11000', 2),
(128, '37', '861506061123521', '5', '56', NULL, 'BLUE', '11000', '18', NULL, '11000', 2),
(129, '37', '861506061122440', '5', '56', NULL, 'BLUE', '11000', '18', NULL, '11000', 2),
(130, '37', '861506061122382', '5', '56', NULL, 'BLUE', '11000', '18', NULL, '11000', 2),
(131, '37', '868480045653289', '5', '56', NULL, 'BLUE', '11000', '18', NULL, '11000', 2),
(132, '37', '861506061134528', '5', '56', NULL, 'SILVER', '11000', '18', NULL, '11000', 2),
(133, '37', '861506061123562', '5', '56', NULL, 'BLUE', '11000', '18', NULL, '11000', 2),
(134, '37', '861506061120600', '5', '56', NULL, 'SILVER', '11000', '18', NULL, '11000', 2),
(135, '38', '861896067262864', '5', '57', NULL, 'BLUE', '8000', '18', NULL, '8000', 1),
(136, '38', '862123061245764', '5', '57', NULL, 'GREEN', '8000', '18', NULL, '8000', 2),
(137, '38', '860882063144000', '5', '57', NULL, 'BLUE', '8000', '18', NULL, '8000', 1),
(138, '38', '862305069374627', '5', '57', NULL, 'GREEN', '8000', '18', NULL, '8000', 2),
(139, '38', '862305069941540', '5', '57', NULL, 'BLUE', '8000', '18', NULL, '8000', 1),
(140, '38', '860882065031247', '5', '57', NULL, 'BLUE', '8000', '18', NULL, '8000', 2),
(141, '39', '861461065170633', '5', '58', NULL, 'BLUE', '11000', '18', NULL, '11000', 2),
(142, '39', '86141068822032', '5', '58', NULL, 'BLUE', '11000', '18', NULL, '11000', 2),
(143, '40', '862921042643159', '5', '59', NULL, 'BLACK', '17000', '18', NULL, '17000', 2),
(144, '40', '863118047104870', '5', '59', NULL, 'BLUE', '17000', '18', NULL, '17000', 2),
(145, '41', '868448049143714', '5', '60', NULL, 'BLACK', '18000', '18', NULL, '18000', 2),
(146, '42', '860825056789216', '5', '61', NULL, 'SILVER', '15000', '18', NULL, '15000', 2),
(147, '43', '864581052821919', '5', '62', NULL, 'GREEN', '14500', '18', NULL, '14500', 2),
(148, '43', '863190053930157', '5', '62', NULL, 'GREEN', '14500', '18', NULL, '14500', 2),
(149, '44', '868327050279759', '5', '63', NULL, 'SILVER', '39000', '18', NULL, '39000', 2),
(150, '45', '863190052336356', '5', '62', NULL, 'WHITE', '14500', '18', NULL, '14500', 2),
(151, '46', '864701050533395', '5', '64', NULL, 'SILVER', '47000', '18', NULL, '47000', 2),
(152, '47', '869406051048717', '5', '65', NULL, 'BLACK ', '28000', '18', NULL, '28000', 2),
(153, '48', '867332053725023', '5', '66', NULL, 'BLUE', '9000', '18', NULL, '9000', 2),
(154, '49', '866592066168237', '5', '67', NULL, 'GREEN ', '7000', '18', NULL, '7000', 1),
(155, '50', '860617041195322', '5', '68', NULL, 'GLOD', '8000', '18', NULL, '8000', 2),
(156, '50', '860036042255680', '5', '68', NULL, 'GOLD', '8000', '18', NULL, '8000', 2),
(157, '50', '867303034786673', '5', '68', NULL, 'GOLD', '8000', '18', NULL, '8000', 2),
(158, '50', '862519041753829', '5', '68', NULL, 'GOLD', '8000', '18', NULL, '8000', 2),
(159, '51', '861324065718316', '4', '69', NULL, 'BLUE ', '14000', '18', NULL, '14000', 2),
(160, '51', '861324065737753', '4', '69', NULL, 'BLUE', '14000', '18', NULL, '14000', 2),
(161, '52', '864412062802295', '4', '70', NULL, 'BLUE', '16500', '18', NULL, '16500', 2),
(162, '53', '861542064220915', '4', '71', NULL, 'GREEN', '11000', '18', NULL, '11000', 2),
(163, '53', '864874064385050', '4', '71', NULL, 'GREEN', '11000', '18', NULL, '11000', 2),
(164, '54', '861542064220915', '4', '71', NULL, 'GREEN', '11000', '18', NULL, '11000', 2),
(165, '54', '864874064385050', '4', '71', NULL, 'GREEN', '11000', '18', NULL, '11000', 2),
(166, '55', '868176052011458', '4', '72', NULL, 'BLUE', '8000', '18', NULL, '8000', 2),
(167, '55', '868176052009858', '4', '72', NULL, 'BLUE', '8000', '18', NULL, '8000', 2),
(168, '56', '863802061885690', '4', '71', NULL, 'GREEN', '11000', '18', NULL, '11000', 2),
(169, '57', '863802065758133', '4', '73', NULL, 'BLACK', '12000', '18', NULL, '12000', 2),
(170, '58', '862448053415657', '4', '75', NULL, 'BLUE', '17000', '18', NULL, '17000', 2),
(171, '59', '860920058375138', '4', '76', NULL, 'BLUE', '9000', '18', NULL, '9000', 2),
(172, '60', '863519059629316', '4', '77', NULL, 'BLACK', '17000', '18', NULL, '17000', 2),
(173, '61', '862839055561110', '4', '74', NULL, 'SILVER', '12000', '18', NULL, '12000', 2),
(174, '61', '862839054714330', '4', '74', NULL, 'SILVER', '12000', '18', NULL, '12000', 2),
(175, '62', '867777053390774', '4', '79', NULL, 'GREY', '12000', '18', NULL, '12000', 2),
(176, '63', '869460059768156', '4', '80', NULL, 'GREEN', '8000', '18', NULL, '8000', 2),
(177, '64', '860609062705113', '4', '81', NULL, 'GREEN', '10000', '18', NULL, '10000', 2),
(178, '65', '863896052798755', '4', '82', NULL, 'GREEN', '8500', '18', NULL, '8500', 2),
(179, '66', '867482045271659', '5', '83', NULL, 'RED', '19000', '18', NULL, '19000', 2),
(180, '67', '866805058278859', '4', '80', NULL, 'BLACK', '8500', '18', NULL, '8500', 2),
(181, '68', '863896053176498', '4', '82', NULL, 'GREEN', '10000', '18', NULL, '10000', 2),
(182, '69', '867095056957493', '4', '84', NULL, 'GREY', '13000', '18', NULL, '13000', 2),
(183, '70', '867777054420752', '4', '79', NULL, 'GREY', '12000', '18', NULL, '12000', 2),
(184, '71', '862123064184143', '5', '57', NULL, 'LIGHT GREEN', '7000', '18', NULL, '7000', 0),
(185, '72', '350181337839819', '1', '112', NULL, 'BEIGE', '155000', '18', NULL, '155000', 1),
(186, '73', '355476621243347', '1', '109', NULL, 'BURGUNDY', '109000', '18', NULL, '109000', 0),
(187, '74', '352849390155012', '1', '110', NULL, 'BORA PURPLE', '89000', '18', NULL, '89000', 0),
(188, '75', '352334255288505', '1', '111', NULL, 'LAVENDER', '85000', '18', NULL, '85000', 0),
(189, '76', '352493645129546', '1', '135', NULL, 'CREAM', '89000', '18', NULL, '89000', 0),
(190, '76', '352493645176570', '1', '135', NULL, 'CREAM ', '89000', '18', NULL, '89000', 0),
(191, '77', '355066967977564', '1', '108', NULL, 'GREEN', '75000', '18', NULL, '75000', 1),
(192, '78', '359851990202379', '1', '136', NULL, 'GREEN ', '78000', '18', NULL, '78000', 0),
(193, '79', '353835881146734', '1', '137', NULL, 'CREAM', '125000', '18', NULL, '125000', 1),
(194, '79', '353835880927530', '1', '137', NULL, 'CREAM ', '125000', '18', NULL, '125000', 0),
(195, '80', '358818744704175', '1', '107', NULL, 'BLUE', '45000', '18', NULL, '45000', 0),
(196, '80', '358818744439251', '1', '107', NULL, 'MINT', '45000', '18', NULL, '45000', 0),
(197, '80', '358818744775373', '1', '107', NULL, 'MINT', '45000', '18', NULL, '45000', 0),
(198, '81', '352659951137667', '1', '138', NULL, 'LOUD NAVY', '50000', '18', NULL, '50000', 0),
(199, '82', '355082592998479', '1', '105', NULL, 'MINT ', '45000', '18', NULL, '45000', 0),
(200, '82', '350213190370275', '1', '105', NULL, 'MINT ', '45000', '18', NULL, '45000', 0),
(201, '83', '350472540655922', '1', '104', NULL, 'GARY ', '42000', '18', NULL, '42000', 0),
(202, '84', '350331804940125', '1', '103', NULL, 'BLUE', '32000', '18', NULL, '32000', 0),
(203, '84', '353881487175289', '1', '103', NULL, 'BLUE', '32000', '18', NULL, '32000', 0),
(204, '84', '350331804940125', '1', '103', NULL, 'BLUE', '32000', '18', NULL, '32000', 0),
(205, '84', '353881489896627', '1', '103', NULL, 'BLACK', '32000', '18', NULL, '32000', 0),
(206, '85', '356908780667600', '1', '130', NULL, 'BLUE', '37500', '18', NULL, '37500', 0),
(207, '86', '350995415888277', '1', '102', NULL, 'BLACK', '26000', '18', NULL, '26000', 0),
(208, '86', '350995415578183', '1', '102', NULL, 'BLACK', '26000', '18', NULL, '26000', 0),
(209, '86', '350995415264370', '1', '102', NULL, 'BLUE', '26000', '18', NULL, '26000', 0),
(210, '87', '350597021177093', '1', '139', NULL, 'BLACK ', '27500', '18', NULL, '27500', 0),
(211, '87', '350597020389327', '1', '139', NULL, 'PEACH', '27500', '18', NULL, '27500', 0),
(212, '87', '350597021103735', '1', '139', NULL, 'PEACH', '27500', '18', NULL, '27500', 0),
(213, '87', '350597020453990', '1', '139', NULL, 'BLUE', '27500', '18', NULL, '27500', 0),
(214, '88', '356163212635391', '1', '131', NULL, 'GREEN ', '19000', '18', NULL, '19000', 0),
(215, '89', '354198340851942', '1', '132', NULL, 'DARK RED ', '21000', '18', NULL, '21000', 0),
(216, '89', '354198340728728', '1', '132', NULL, 'BLACK', '21000', '18', NULL, '21000', 0),
(217, '89', '354198340734585', '1', '139', NULL, 'BLACK', '21000', '18', NULL, '21000', 1),
(218, '90', '350031471240755', '1', '140', NULL, 'DARK RED', '16000', '18', NULL, '16000', 1),
(219, '90', '350031470655268', '1', '140', NULL, 'GREEN ', '16000', '18', NULL, '16000', 0),
(220, '91', '353140540746531', '1', '101', NULL, 'ORANGE ', '23000', '18', NULL, '23000', 0),
(221, '92', '350894213711064', '1', '100', NULL, 'BLACK', '22000', '18', NULL, '22000', 1),
(222, '93', '350790530554841', '1', '99', NULL, 'BLACK', '21000', '18', NULL, '21000', 0),
(223, '94', '358871701809867', '1', '128', NULL, 'GRAY', '22000', '18', NULL, '22000', 0),
(224, '94', '358871700170501', '1', '128', NULL, 'GRAY', '22000', '18', NULL, '22000', 0),
(225, '95', '358136640377669', '1', '124', NULL, 'VIOLET ', '20000', '18', NULL, '20000', 0),
(226, '95', '358136642001754', '1', '124', NULL, 'GRAY', '20000', '18', NULL, '20000', 0),
(227, '96', '351940694094105', '1', '141', NULL, 'GREEN', '18500', '18', NULL, '18500', 1),
(228, '96', '351940694085434', '1', '141', NULL, 'BLUE', '18500', '18', NULL, '18500', 0),
(229, '96', '351940694070444', '1', '141', NULL, 'BLUE', '18500', '18', NULL, '18500', 0),
(230, '97', '354650135652299', '1', '101', NULL, 'BLUE', '18500', '18', NULL, '18500', 0),
(231, '97', '354650135976201', '1', '101', NULL, 'PEACH', '18500', '18', NULL, '18500', 0),
(232, '97', '354650135311862', '1', '101', NULL, 'GREY', '18500', '180', NULL, '18500', 0),
(233, '98', '355142440896786', '1', '97', NULL, 'BLUE', '15000', '18', NULL, '15000', 0),
(234, '98', '355142440887348', '1', '97', NULL, 'BLUE', '15000', '18', NULL, '15000', 0),
(235, '99', '352192662065845', '1', '93', NULL, 'BLACK', '15500', '18', NULL, '15500', 0),
(236, '100', '353934990366539', '1', '87', NULL, 'BLACLK', '10000', '18', NULL, '10000', 0),
(237, '100', '353431130385669', '1', '87', NULL, 'BLACK', '10000', '18', NULL, '10000', 0),
(238, '100', '353934990335849', '1', '87', NULL, 'BLACK', '10000', '18', NULL, '10000', 0),
(239, '100', '353934990364005', '1', '87', NULL, 'BLACK  ', '10000', '18', NULL, '10000', 0),
(240, '100', '353934990366695', '1', '87', NULL, 'BLACK ', '10000', '18', NULL, '10000', 0),
(241, '101', '354690573444775', '1', '142', NULL, 'BLUE', '17500', '18', NULL, '17500', 0),
(242, '102', '351270416935223', '1', '92', NULL, 'PEACH', '14500', '18', NULL, '14500', 0),
(243, '102', '357040734162717', '1', '92', NULL, 'BLUE', '14500', '18', NULL, '14500', 0),
(244, '102', '351270410250231', '1', '92', NULL, 'BLUE', '14500', '18', NULL, '14500', 1),
(245, '102', '357153470252871', '1', '92', NULL, 'PEACH ', '14500', '18', NULL, '14500', 0),
(246, '103', '358799692056745', '1', '94', NULL, 'COPPER', '13500', '18', NULL, '13500', 0),
(247, '103', '358799692055176', '1', '94', NULL, 'COPPER', '13500', '18', NULL, '13500', 1),
(248, '103', '358799693425253', '1', '94', NULL, 'COPPER', '13500', '18', NULL, '13500', 1),
(249, '103', '358799693844933', '1', '94', NULL, 'GREEN', '13500', '18', NULL, '13500', 1),
(250, '103', '358799691703651', '1', '94', NULL, 'GREEN ', '13500', '18', NULL, '13500', 0),
(251, '103', '358799692699528', '1', '94', NULL, 'GREEN ', '13500', '18', NULL, '13500', 0),
(252, '103', '358799692045755', '1', '94', NULL, 'COPPER ', '13500', '18', NULL, '13500', 0),
(253, '104', '359118661304771', '1', '91', NULL, 'BLACK', '14500', '18', NULL, '14500', 0),
(254, '105', '352989670785565', '1', '90', NULL, 'COPPER ', '12500', '18', NULL, '12500', 0),
(255, '105', '352989670259165', '1', '90', NULL, 'GREEN ', '12500', '18', NULL, '12500', 0),
(256, '106', '356303840125429', '1', '143', NULL, 'BLACK ', '14500', '18', NULL, '14500', 1),
(257, '106', '356303840487761', '1', '143', NULL, 'GREEN ', '14500', '18', NULL, '14500', 0),
(258, '106', '356303840538001', '1', '143', NULL, 'COPPER ', '14500', '18', NULL, '14500', 0),
(259, '107', '350191501729563', '1', '144', NULL, 'BLUE', '10000', '18', NULL, '10000', 0),
(260, '107', '350191501730298', '1', '144', NULL, 'BLUE', '10000', '18', NULL, '10000', 0),
(261, '107', '350191501729522', '1', '144', NULL, 'BLUE ', '10000', '18', NULL, '10000', 0),
(262, '107', '350191502121075', '1', '144', NULL, 'COPPER ', '10000', '18', NULL, '10000', 0),
(263, '107', '350191502120366', '1', '144', NULL, 'COPPER ', '10000', '18', NULL, '10000', 0),
(264, '107', '350191502119723', '1', '144', NULL, 'COPPER ', '10000', '18', NULL, '10000', 0),
(265, '107', '350191502126470', '1', '144', NULL, 'COPPER ', '10000', '18', NULL, '10000', 0),
(266, '107', '350191502120218', '1', '144', NULL, 'COPPER', '10000', '18', NULL, '10000', 1),
(267, '108', '353397820391319', '1', '89', NULL, 'COPPER ', '11500', '18', NULL, '11500', 0),
(268, '109', '350655750991116', '1', '85', NULL, 'BLACK ', '8500', '18', NULL, '8500', 1),
(269, '109', '351314619054067', '1', '85', NULL, 'BLACK ', '8500', '18', NULL, '8500', 1),
(270, '109', '351314615734472', '1', '85', NULL, 'BLACK ', '8500', '18', NULL, '8500', 0),
(271, '109', '351314617517479', '1', '85', NULL, 'BLACK ', '8500', '18', NULL, '8500', 0),
(272, '109', '350655750991157', '1', '85', NULL, 'BALCK ', '8500', '18', NULL, '8500', 0),
(273, '109', '351314619029945', '1', '85', NULL, 'BLACK ', '8500', '18', NULL, '8500', 0),
(274, '109', '350655753854808', '1', '85', NULL, 'MINT ', '8500', '18', NULL, '8500', 1),
(275, '109', '350655753854154', '1', '85', NULL, 'MINT ', '8500', '18', NULL, '8500', 0),
(276, '109', '350655752040821', '1', '85', NULL, 'BRONZE', '8500', '18', NULL, '8500', 1),
(277, '110', '862611065099112', '2', '8', NULL, 'ORANGE ', '13500', '18', NULL, '13500', 0),
(278, '110', '862611063814272', '2', '8', NULL, 'ORANGE ', '13500', '18', NULL, '13500', 0),
(279, '110', '862611063814330', '2', '8', NULL, 'ORANGE ', '13500', '18', NULL, '13500', 0),
(280, '110', '862498068792871', '2', '8', NULL, 'ORANGE ', '13500', '18', NULL, '13500', 0),
(281, '110', '862611061836392', '2', '8', NULL, 'BLACK ', '13500', '18', NULL, '13500', 0),
(282, '110', '862611061837838', '2', '8', NULL, 'BLACK ', '13500', '18', NULL, '13500', 0),
(283, '110', '862498068506636', '2', '8', NULL, 'BLUE ', '13500', '18', NULL, '13500', 1),
(284, '111', '864397062647610', '2', '7', NULL, 'GOLD ', '15000', '18', NULL, '15000', 0),
(285, '111', '864397069213499', '2', '7', NULL, 'GREEN ', '15000', '18', NULL, '15000', 1),
(286, '111', '863581069869852', '2', '7', NULL, 'BLACK ', '15000', '18', NULL, '15000', 0),
(287, '111', '864397066625075', '2', '7', NULL, 'GOLD ', '15000', '18', NULL, '15000', 1),
(288, '111', '864397068436117', '2', '7', NULL, 'GREEN ', '15000', '18', NULL, '15000', 0),
(289, '111', '864397066625315', '2', '7', NULL, 'GOLD ', '15000', '18', NULL, '15000', 0),
(290, '111', '864397068196034', '2', '7', NULL, 'BLACK ', '15000', '18', NULL, '15000', 0),
(291, '111', '864397068438832', '2', '7', NULL, 'GREEN ', '15000', '18', NULL, '15000', 1),
(292, '111', '864397064289411', '2', '7', NULL, 'GOLD ', '15000', '18', NULL, '15000', 0),
(293, '111', '864397064606051', '2', '7', NULL, 'BLACK  ', '15000', '18', NULL, '15000', 1),
(294, '111', '864397064606457', '2', '7', NULL, 'BLACK ', '15000', '18', NULL, '15000', 1),
(295, '111', '863581069781990', '2', '7', NULL, 'BLACK ', '15000', '18', NULL, '15000', 0),
(296, '111', '864397068438378', '2', '7', NULL, 'GREEN ', '15000', '18', NULL, '15000', 1),
(297, '111', '864397066566790', '2', '7', NULL, 'GOLD ', '15000', '18', NULL, '15000', 1),
(298, '112', '866194065913497', '2', '156', NULL, 'BLUE ', '19000', '18', NULL, '19000', 0),
(299, '112', '860838060388974', '2', '156', NULL, 'BLACK ', '19000', '18', NULL, '19000', 0),
(300, '112', '860838060389212', '2', '156', NULL, 'BLACK ', '19000', '18', NULL, '19000', 0),
(301, '112', '860838060952431', '2', '156', NULL, 'BULE ', '19000', '18', NULL, '19000', 0),
(302, '112', '860838060387810', '2', '156', NULL, 'BLACK ', '19000', '18', NULL, '19000', 0),
(303, '112', '860838060221696', '2', '156', NULL, 'BLACK ', '19000', '18', NULL, '19000', 0),
(304, '112', '860838060952357', '2', '156', NULL, 'BLUE ', '19000', '18', NULL, '19000', 0),
(305, '112', '866194069132573', '2', '156', NULL, 'BLUE ', '19000', '18', NULL, '19000', 1),
(306, '113', '863461061235313', '2', '157', NULL, 'BLACK ', '18000', '18', NULL, '18000', 0),
(307, '113', '864463067789219', '2', '157', NULL, 'BLACK ', '18000', '18', NULL, '18000', 0),
(308, '114', '864904060973870', '2', '4', NULL, 'BLACK ', '26000', '18', NULL, '26000', 0),
(309, '114', '864904060973771', '2', '4', NULL, 'BLACK ', '26000', '18', NULL, '26000', 0),
(310, '115', '863534060091497', '2', '5', NULL, 'GOLD ', '22000', '1', NULL, '22000', 0),
(311, '115', '863534060072794', '2', '5', NULL, 'GOLD ', '22000', '1', NULL, '22000', 0),
(312, '116', '867426063359177', '2', '145', NULL, 'GOLD ', '30000', '18', NULL, '30000', 0),
(313, '117', '860109063677296', '2', '11', NULL, 'GOLD ', '9500', '18', NULL, '9500', 0),
(314, '117', '860109065833574', '2', '11', NULL, 'BLUE ', '9500', '18', NULL, '9500', 1),
(315, '117', '860150066556210', '2', '11', NULL, 'GOLD ', '9500', '18', NULL, '9500', 1),
(316, '117', '860150066260912', '2', '11', NULL, 'BLUE ', '9500', '18', NULL, '9500', 1),
(317, '117', '860150066545015', '2', '11', NULL, 'GOLD ', '9500', '18', NULL, '9500', 0),
(318, '117', '860150066260375', '2', '11', NULL, 'BLUE ', '9500', '18', NULL, '9500', 0),
(319, '117', '860150066544190', '2', '11', NULL, 'GOLD ', '9500', '18', NULL, '9500', 1),
(320, '117', '860150062935038', '2', '11', NULL, 'BLUE ', '9500', '18', NULL, '9500', 0),
(321, '117', '860150066544539', '2', '11', NULL, 'GOLD ', '9500', '18', NULL, '9500', 1),
(322, '118', '862498069136797', '2', '8', NULL, 'BLACK ', '12500', '18', NULL, '12500', 1),
(323, '119', '866102052928493', '2', '9', NULL, 'BLACK ', '14000', '18', NULL, '14000', 0),
(324, '119', '866102052928717', '2', '9', NULL, 'BLACK ', '14000', '18', NULL, '14000', 0),
(325, '119', '866102052928618', '2', '9', NULL, 'BLUE ', '14000', '18', NULL, '14000', 0),
(326, '119', '866102053637598', '2', '9', NULL, 'BLUE ', '14000', '18', NULL, '14000', 1),
(327, '119', '866102051224498', '2', '9', NULL, 'BLUE ', '14000', '18', NULL, '14000', 0),
(328, '120', '860035068500011', '2', '162', NULL, 'BLACK ', '10000', '18', NULL, '10000', 1),
(329, '121', '860150066554512', '2', '11', NULL, 'GOLD ', '9500', '18', NULL, '9500', 0),
(330, '121', '860150066554330', '2', '11', NULL, 'GOLD ', '9500', '18', NULL, '9500', 0),
(331, '121', '860150066029010', '2', '11', NULL, 'BLUE ', '9500', '18', NULL, '9500', 1),
(332, '121', '860150066023997', '2', '11', NULL, 'BLUE ', '9500', '18', NULL, '9500', 1),
(333, '122', '867426067336510', '2', '16', NULL, 'BLACK ', '30000', '18', NULL, '30000', 1),
(334, '122', '867426067829654', '2', '16', NULL, 'GOLD ', '30000', '18', NULL, '30000', 1),
(335, '122', '867426067829217', '2', '16', NULL, 'GOLD ', '30000', '18', NULL, '30000', 1),
(336, '123', '860838062075975', '2', '156', NULL, 'BLUE ', '19000', '18', NULL, '19000', 0),
(337, '123', '860838062076395', '2', '156', NULL, 'BLUE ', '19000', '18', NULL, '19000', 1),
(338, '124', '867443065793170', '2', '14', NULL, 'BLUE ', '16000', '18', NULL, '16000', 0),
(339, '124', '867443065793238', '2', '14', NULL, 'BLUE ', '16000', '18', NULL, '16000', 1),
(340, '125', '866102053217193', '2', '9', NULL, 'GREEN ', '15000', '18', NULL, '15000', 0),
(341, '125', '866102053192636', '2', '9', NULL, 'GREEN ', '15000', '18', NULL, '15000', 0),
(342, '126', '862611066086811', '2', '8', NULL, 'BLACK ', '12500', '18', NULL, '12500', 0),
(343, '126', '862611063699517', '2', '8', NULL, 'ORANGE  ', '12500', '18', NULL, '12500', 0),
(344, '126', '862611066086530', '2', '8', NULL, 'BLACK ', '12500', '18', NULL, '12500', 1),
(345, '126', '862611064277479', '2', '8', NULL, 'BLUE ', '12500', '18', NULL, '12500', 1),
(346, '126', '862611063697958', '2', '8', NULL, 'ORANGE ', '12500', '18', NULL, '12500', 1),
(347, '126', '862611064363410', '2', '8', NULL, 'BLUE ', '12500', '18', NULL, '12500', 1),
(348, '127', '6932169313629', '2', '17', NULL, 'GREY ', '20000', '18', NULL, '20000', 0),
(349, '128', '865392060779951', '2', '145', NULL, 'GOLD ', '30000', '18', NULL, '30000', 0),
(350, '129', '865084053884191', '2', '146', NULL, 'BLUE ', '36000', '18', NULL, '36000', 0),
(351, '130', '862791066591554', '2', '7', NULL, 'BLACK ', '14000', '18', NULL, '14000', 0),
(352, '130', '862791064074595', '2', '7', NULL, 'BLACK ', '14000', '18', NULL, '14000', 0),
(353, '131', '864463067666177', '2', '6', NULL, 'BLACK ', '18000', '18', NULL, '18000', 0),
(354, '131', '864463061950353', '2', '6', NULL, 'ORANGE ', '18000', '18', NULL, '18000', 0),
(355, '132', '865924055504257', '2', '147', NULL, 'BLACK ', '30000', '18', NULL, '30000', 0),
(356, '133', '861148060328817', '2', '166', NULL, 'BLUE ', '18000', '18', NULL, '18000', 0),
(357, '133', '861363060692795', '2', '166', NULL, 'BLUE ', '18000', '18', NULL, '18000', 0),
(358, '134', '860118050588218', '2', '167', NULL, 'BLUE ', '16000', '18', NULL, '16000', 0),
(359, '135', '864883056121613', '2', '10', NULL, 'GREEN ', '12500', '18', NULL, '12500', 0),
(360, '135', '866030057844896', '2', '10', NULL, 'BLACK ', '12500', '18', NULL, '12500', 0),
(361, '135', '866030056875990', '2', '10', NULL, 'BLACK ', '12500', '18', NULL, '12500', 0),
(362, '135', '866592055968415', '2', '10', NULL, 'BLUE ', '12500', '18', NULL, '12500', 0),
(363, '136', '864883058666979', '2', '15', NULL, 'BLACK ', '15000', '18', NULL, '15000', 0),
(364, '137', '861932053381598', '2', '151', NULL, 'SILVER ', '26000', '18', NULL, '26000', 0),
(365, '137', '866899055810012', '2', '151', NULL, 'SILVER ', '26000', '18', NULL, '26000', 0),
(366, '137', '866899052803333', '2', '151', NULL, 'BLACK ', '26000', '18', NULL, '26000', 0),
(367, '138', '860489063252096', '2', '5', NULL, 'GOLD ', '25000', '18', NULL, '25000', 0),
(368, '139', '860213056062290', '2', '153', NULL, 'BLUE ', '16000', '18', NULL, '16000', 0),
(369, '139', '860427055722759', '2', '153', NULL, 'BLACK ', '16000', '18', NULL, '16000', 0),
(370, '140', '863782052429452', '2', '172', NULL, 'BLACK ', '20000', '18', NULL, '20000', 0),
(371, '141', '861932050882192', '2', '151', NULL, 'SILVER ', '26000', '18', NULL, '26000', 0),
(372, '142', '861066050820751', '2', '173', NULL, 'GOLD ', '14000', '18', NULL, '14000', 0),
(373, '142', '860733056356731', '2', '173', NULL, 'BLACK ', '14000', '18', NULL, '14000', 0),
(374, '143', '861932050738915', '2', '151', NULL, 'SILVER ', '26000', '18', NULL, '26000', 0),
(375, '144', '861144057808655', '2', '173', NULL, 'BLACK ', '13000', '18', NULL, '13000', 0),
(376, '144', '861144055312254', '2', '173', NULL, 'GOLD ', '13000', '18', NULL, '13000', 0),
(377, '144', '861831053353351', '2', '173', NULL, 'BLUE ', '13000', '18', NULL, '13000', 0),
(378, '145', '864058058315154', '2', '174', NULL, 'BLACK ', '10000', '18', NULL, '10000', 0),
(379, '146', '867059059914018', '2', '175', NULL, 'SILVER ', '13000', '18', NULL, '13000', 0),
(380, '146', '867912054231814', '2', '175', NULL, 'SILVER ', '13000', '18', NULL, '13000', 0),
(381, '146', '866195058511891', '2', '175', NULL, 'BLACK ', '13000', '18', NULL, '13000', 0),
(382, '147', '864277052663811', '2', '174', NULL, 'BLUE ', '11000', '18', NULL, '11000', 0),
(383, '148', '862050054711678', '2', '173', NULL, 'BLUE ', '14000', '18', NULL, '14000', 0),
(384, '149', '862498065241534', '2', '8', NULL, 'ORANGE ', '13500', '1', NULL, '13500', 0),
(385, '149', '860578061246991', '2', '8', NULL, 'BLACK ', '13500', '1', NULL, '13500', 0),
(386, '150', '864883051937492', '2', '10', NULL, 'BLACK ', '12500', '18', NULL, '12500', 0),
(387, '151', '862791069813252', '2', '7', NULL, 'GREEN ', '16000', '18', NULL, '16000', 0),
(388, '152', '865389058143356', '2', '170', NULL, 'BLUE ', '16500', '18', NULL, '16500', 1),
(389, '152', '865389055151279', '2', '170', NULL, 'BLUE ', '16500', '18', NULL, '16500', 0),
(390, '153', '868015051552858', '2', '176', NULL, 'BLUE ', '16000', '18', NULL, '16000', 0),
(391, '154', '866830043402091', '2', '177', NULL, 'BLUE ', '27000', '18', NULL, '27000', 0),
(392, '155', '865399065018954', '2', '13', NULL, 'WHITE ', '10500', '18', NULL, '10500', 0),
(393, '156', '860035068500177', '2', '12', NULL, 'BLACK ', '12000', '18', NULL, '12000', 0),
(394, '156', '860035063422492', '2', '12', NULL, 'BLACK ', '12000', '18', NULL, '12000', 0),
(395, '156', '865399061909032', '2', '12', NULL, 'BLACK ', '12000', '18', NULL, '12000', 0),
(396, '156', '860035063217512', '2', '12', NULL, 'BLUE ', '12000', '18', NULL, '12000', 0),
(397, '157', '861111051552951', '2', '168', NULL, 'BLACK ', '11000', '18', NULL, '11000', 0),
(398, '158', '861111050192874', '2', '169', NULL, 'WHITE ', '10500', '18', NULL, '10500', 0),
(399, '158', '865399060255999', '2', '169', NULL, 'WHITE', '10500', '18', NULL, '10500', 0),
(400, '158', '861014058135772', '2', '169', NULL, 'WHITE ', '10500', '18', NULL, '10500', 0),
(401, '159', '867912057200279', '2', '175', NULL, 'SILVER ', '11000', '18', NULL, '11000', 0),
(402, '160', '865399065083131', '2', '13', NULL, 'WHITE ', '10000', '18', NULL, '10000', 0),
(403, '160', '865399065018871', '2', '13', NULL, 'WHITE ', '10000', '18', NULL, '10000', 1),
(404, '161', '861014057393174', '2', '168', NULL, 'BLACK ', '11500', '18', NULL, '11500', 0),
(405, '162', '861014054115877', '2', '169', NULL, 'BLUE ', '10500', '18', NULL, '10500', 0),
(406, '163', '860035067661434', '2', '12', NULL, 'WHITE ', '11000', '18', NULL, '11000', 0),
(407, '164', '861451053190933', '2', '152', NULL, 'BLACK ', '19000', '18', NULL, '19000', 0),
(408, '165', '861144055511392', '2', '173', NULL, 'GOLD ', '13000', '18', NULL, '13000', 0),
(409, '166', '865550058114735', '2', '174', NULL, 'BLACK ', '10500', '18', NULL, '10500', 0),
(410, '167', '869322039086697', '2', '178', NULL, 'RED ', '8500', '18', NULL, '8500', 0),
(411, '168', '861066051000635', '2', '173', NULL, 'GOLD ', '13000', '18', NULL, '13000', 0),
(412, '169', '869746032966937', '2', '178', NULL, 'RED ', '8500', '18', NULL, '8500', 0),
(413, '169', '869314045555872', '2', '178', NULL, 'RED', '8500', '18', NULL, '8500', 0),
(414, '169', '869754031467170', '2', '178', NULL, 'RED ', '8500', '18', NULL, '8500', 0),
(415, '170', '863050031842652', '2', '180', NULL, 'GOLD ', '8000', '18', NULL, '8000', 0),
(416, '170', '864296036194396', '2', '180', NULL, 'PINK ', '8000', '18', NULL, '8000', 0),
(417, '171', '862281052939694', '2', '181', NULL, 'BLUE ', '12500', '18', NULL, '12500', 0),
(418, '172', '358099390270015', '1', '96', NULL, 'WHITE', '15500', '18', NULL, '15500', 0),
(419, '172', '358099390270551', '1', '96', NULL, 'WHITE ', '15500', '18', NULL, '15500', 0),
(420, '172', '352724160777776', '1', '96', NULL, 'BLACK ', '15500', '18', NULL, '15500', 0),
(421, '172', '357214543473751', '1', '96', NULL, 'BLACK ', '15500', '18', NULL, '15500', 0),
(422, '173', '356770916346123', '1', '95', NULL, 'BLACK ', '12500', '18', NULL, '12500', 0),
(423, '173', '356770918196013', '1', '95', NULL, 'WHITE ', '12500', '18', NULL, '12500', 0),
(424, '173', '356770912557194', '1', '95', NULL, 'BLUE ', '12500', '18', NULL, '12500', 0),
(425, '173', '356770917108100', '1', '95', NULL, 'BLUE ', '12500', '18', NULL, '12500', 0),
(426, '173', '356770915440489', '1', '95', NULL, 'WHITE ', '12500', '18', NULL, '12500', 0),
(427, '174', '351996302937804', '1', '106', NULL, 'BLACK ', '32000', '18', NULL, '32000', 0),
(428, '174', '351996301651232', '1', '106', NULL, 'WHITE ', '32000', '18', NULL, '32000', 0),
(429, '174', '351996303039246', '1', '106', NULL, 'BLACK ', '32000', '18', NULL, '32000', 0),
(430, '174', '351996303030880', '1', '106', NULL, 'BLACK ', '32000', '18', NULL, '32000', 0),
(431, '175', '352938778122239', '1', '182', NULL, 'BLUE ', '28000', '18', NULL, '28000', 0),
(432, '176', '351996302998822', '1', '106', NULL, 'WHITE ', '32500', '18', NULL, '32500', 0),
(433, '176', '351996301276576', '1', '106', NULL, 'WHITE ', '32500', '18', NULL, '32500', 0),
(434, '176', '351996303890200', '1', '106', NULL, 'BLACK ', '32500', '18', NULL, '32500', 0),
(435, '177', '864058054353274', '2', '183', NULL, 'BLUE', '8000', '18', NULL, '8000', 0),
(436, '178', '355468111672945', '1', '184', NULL, 'AURA GLOW ', '35000', '18', NULL, '35000', 0),
(437, '178', '355468111306544', '1', '184', NULL, 'AURA GLOW ', '35000', '18', NULL, '35000', 0),
(438, '178', '355468110632379', '1', '184', NULL, 'AURA GLOW ', '35000', '18', NULL, '35000', 0),
(439, '179', '353482111081470', '1', '113', NULL, 'AURA RED ', '40000', '18', NULL, '40000', 0),
(440, '179', '355468110610656', '1', '113', NULL, 'AURA GLOW ', '40000', '18', NULL, '40000', 0),
(441, '180', '356214463364718', '1', '185', NULL, 'MYSTIC BLUE ', '84000', '18', NULL, '84000', 0),
(442, '180', '356214463291325', '1', '185', NULL, 'MYSTIC BLUE ', '84000', '18', NULL, '84000', 0),
(443, '181', '355362117853411', '1', '116', NULL, 'COSMIC GREY ', '55000', '18', NULL, '55000', 0),
(444, '181', '355362115130895', '1', '116', NULL, 'COSMIC BLACK ', '55000', '18', NULL, '55000', 0),
(445, '182', '355120910777942', '1', '118', NULL, 'PRISM DOT BLACK ', '23000', '18', NULL, '23000', 0),
(446, '183', '352978605537332', '1', '120', NULL, 'BLACK ', '19000', '198', NULL, '19000', 0),
(447, '184', '353412111937926', '1', '117', NULL, 'BLUE ', '32000', '18', NULL, '32000', 0),
(448, '184', '353412114010770', '1', '117', NULL, 'BLUE ', '32000', '18', NULL, '32000', 0),
(449, '185', '359021827809313', '1', '119', NULL, 'BLACK ', '38000', '18', NULL, '38000', 0),
(450, '186', '353680110691542', '1', '123', NULL, 'BLACK ', '22000', '18', NULL, '22000', 0),
(451, '187', '350894214483960', '1', '100', NULL, 'BLACK ', '22000', '18', NULL, '22000', 0),
(452, '187', '353089180559938', '1', '100', NULL, 'BLUE ', '22000', '18', NULL, '22000', 0),
(453, '188', '353089180555886', '1', '186', NULL, 'BLUE ', '19000', '18', NULL, '19000', 0),
(454, '188', '353089181414844', '1', '186', NULL, 'BLUE ', '19000', '18', NULL, '19000', 0),
(455, '189', '357917274875339', '1', '141', NULL, 'GREEN ', '18500', '18', NULL, '18500', 0),
(456, '190', '356890805345257', '1', '124', NULL, 'BLACK ', '18500', '18', NULL, '18500', 0),
(457, '191', 'R9ZT706J54D', '1', '125', NULL, 'SILVER ', '13500', '18', NULL, '13500', 0),
(458, '191', 'R9ZT706K4EN', '1', '125', NULL, 'SILVER ', '13500', '18', NULL, '13500', 0),
(459, '191', 'R9ZT706G0VW', '1', '125', NULL, 'SILVER ', '13500', '18', NULL, '13500', 0),
(460, '191', '351587324554964', '1', '125', NULL, 'SILVER ', '13500', '18', NULL, '13500', 0),
(461, '191', '351587324366757', '1', '125', NULL, 'SILVER ', '13500', '18', NULL, '13500', 1),
(462, '192', '356054112835712', '1', '187', NULL, 'DARK GREY ', '21000', '18', NULL, '21000', 0),
(463, '193', '355729338314516', '1', '86', NULL, 'BLACK ', '9500', '18', NULL, '9500', 0),
(464, '193', '352645481556369', '1', '86', NULL, 'BLACK ', '9500', '18', NULL, '9500', 0),
(465, '193', '352645480848098', '1', '86', NULL, 'BLACK ', '9500', '18', NULL, '9500', 0),
(466, '193', '352645483641920', '1', '86', NULL, 'BLUE ', '9500', '18', NULL, '9500', 0),
(467, '193', '352645483556730', '1', '86', NULL, 'BLACK ', '9500', '18', NULL, '9500', 0),
(468, '194', '350641033517589', '1', '122', NULL, 'BLUE ', '24000', '18', NULL, '24000', 0),
(469, '195', '350641034107273', '1', '188', NULL, 'GREY ', '21000', '18', NULL, '21000', 0),
(470, '195', '350641033637411', '1', '188', NULL, 'GREEN ', '21000', '18', NULL, '21000', 0),
(471, '196', '354586850174640', '1', '88', NULL, 'BLACK ', '11000', '18', NULL, '11000', 0),
(472, '196', '351008762839353', '1', '88', NULL, 'BLUE ', '11000', '18', NULL, '11000', 0),
(473, '196', '354586854420148', '1', '88', NULL, 'BLACK ', '11000', '18', NULL, '11000', 0),
(474, '196', '356977519849284', '1', '88', NULL, 'BLUE ', '11000', '18', NULL, '11000', 0),
(475, '196', '351008762844437', '1', '88', NULL, 'BLUE ', '11000', '18', NULL, '11000', 0),
(476, '197', '353431133303222', '1', '87', NULL, 'WHITE ', '10000', '18', NULL, '10000', 0),
(477, '197', '353431131384836', '1', '87', NULL, 'WHITE ', '10000', '18', NULL, '10000', 0),
(478, '198', '353069844756922', '1', '85', NULL, 'BLUE ', '8000', '18', NULL, '8000', 0),
(479, '198', '353069846276358', '1', '85', NULL, 'BLUE ', '8000', '18', NULL, '8000', 0),
(480, '198', '353069844639995', '1', '85', NULL, 'BLACK  ', '8000', '18', NULL, '8000', 0),
(481, '198', '353069846601308', '1', '85', NULL, 'BLACK ', '8000', '18', NULL, '8000', 0),
(482, '198', '353069846278438', '1', '85', NULL, 'BLUE ', '8000', '18', NULL, '8000', 0),
(483, '198', '353069844761914', '1', '85', NULL, 'BLUE ', '8000', '18', NULL, '8000', 0),
(484, '198', '353069846627345', '1', '85', NULL, 'BLACK ', '8000', '18', NULL, '8000', 0),
(485, '198', '351314614579134', '1', '85', NULL, 'BLACK ', '8000', '18', NULL, '8000', 0),
(486, '198', '351314612193763', '1', '85', NULL, 'BLACK ', '8000', '18', NULL, '8000', 0),
(487, '198', '351314616332581', '1', '85', NULL, 'BRONZE ', '8000', '18', NULL, '8000', 0),
(488, '198', '353069847182688', '1', '85', NULL, 'BLUE ', '8000', '18', NULL, '8000', 0),
(489, '199', '356770913900559', '1', '95', NULL, 'BLUE ', '12500', '18', NULL, '12500', 0),
(490, '200', '351314611036591', '1', '85', NULL, 'BLACK ', '8000', '18', NULL, '8000', 0),
(491, '201', '863340066733730', '3', '25', NULL, 'GREEN ', '13500', '18', NULL, '13500', 0),
(492, '201', '863340066717816', '3', '25', NULL, 'GREEN ', '13500', '18', NULL, '13500', 0),
(493, '201', '863340066733318', '3', '25', NULL, 'GREEN ', '13500', '18', NULL, '13500', 0),
(494, '201', '863340066731437', '3', '25', NULL, 'GREEN', '13500', '18', NULL, '13500', 1),
(495, '202', '861531061209997', '3', '45', NULL, 'ORANGE ', '19000', '18', NULL, '19000', 1),
(496, '202', '861531061205458', '3', '45', NULL, 'ORANGE ', '19000', '18', NULL, '19000', 0),
(497, '203', '863067067884879', '3', '36', NULL, 'BLUE ', '32000', '18', NULL, '32000', 0),
(498, '203', '863067067860978', '3', '36', NULL, 'BLUE ', '32000', '18', NULL, '32000', 0),
(499, '203', '863067067888417', '3', '36', NULL, 'BLUE ', '32000', '18', NULL, '32000', 1),
(500, '204', '354838532949307', '8', '191', NULL, 'BLUE ', '15000', '18', NULL, '15000', 0),
(501, '205', '352839713416126', '8', '192', NULL, 'BLUE ', '8000', '18', NULL, '8000', 0),
(502, '205', '352839713738123', '8', '192', NULL, 'SKY ', '8000', '18', NULL, '8000', 0),
(503, '205', '352839713698004', '8', '192', NULL, 'SKY ', '8000', '18', NULL, '8000', 0),
(504, '205', '352839713401185', '8', '192', NULL, 'BLUE ', '8000', '18', NULL, '8000', 1),
(505, '205', '352839713681240', '8', '192', NULL, 'SKY ', '8000', '18', NULL, '8000', 0),
(506, '206', '359110630219669', '8', '193', NULL, 'PURPLE ', '9000', '18', NULL, '9000', 0),
(507, '207', '356588261069300', '8', '189', NULL, 'VIOLET ', '10000', '18', NULL, '10000', 0),
(508, '208', '355935280391846', '7', '194', NULL, 'BLUE ', '12000', '18', NULL, '12000', 0),
(509, '209', '352528511315909', '7', '196', NULL, 'BLACK ', '12500', '18', NULL, '12500', 0),
(510, '210', '352148666718862', '7', '195', NULL, 'TURQUISE CYNE', '10000', '18', NULL, '10000', 0),
(511, '210', '352148666790440', '7', '195', NULL, 'TURQUISE CYNE', '10000', '18', NULL, '10000', 0),
(512, '210', '352148664857381', '7', '195', NULL, 'TURQUISE CYNE', '10000', '18', NULL, '10000', 0),
(513, '211', '353193211409962', '7', '197', NULL, 'BLUE ', '15000', '18', NULL, '15000', 0),
(514, '211', '353193210657942', '7', '197', NULL, 'BLUE ', '15000', '18', NULL, '15000', 0),
(515, '211', '353193212151365', '7', '197', NULL, 'BLUE ', '15000', '18', NULL, '15000', 0),
(516, '212', '354776351755308', '7', '198', NULL, 'SILVER ', '12000', '18', NULL, '12000', 0),
(517, '213', '353620723317242', '7', '199', NULL, 'BLUE ', '9500', '18', NULL, '9500', 0),
(518, '213', '353620722184080', '7', '199', NULL, 'BLUE ', '9500', '18', NULL, '9500', 0),
(519, '213', '353620721553681', '7', '199', NULL, 'BLUE ', '9500', '18', NULL, '9500', 0),
(520, '213', '353620720656949', '7', '199', NULL, 'BLUE ', '9500', '18', NULL, '9500', 0),
(521, '214', '356761350731581', '7', '200', NULL, 'DEEPSEE LUSTER', '10500', '18', NULL, '10500', 0),
(522, '214', '356761350343304', '7', '200', NULL, 'ICE BLUE ', '10500', '18', NULL, '10500', 0),
(523, '215', '862757044730986', '10', '202', NULL, 'GREEN ', '17000', '18', NULL, '17000', 0),
(524, '216', '868885055343615', '10', '203', NULL, 'GREEN ', '15000', '18', NULL, '15000', 0),
(525, '216', '868885055336379', '10', '203', NULL, 'GREEN ', '15000', '18', NULL, '15000', 0),
(526, '217', '862201056027130', '10', '204', NULL, 'BLUE ', '16000', '18', NULL, '16000', 0),
(527, '217', '862201055123112', '10', '204', NULL, 'BLACK ', '16000', '18', NULL, '16000', 0),
(528, '217', '862201055611694', '10', '204', NULL, 'BLUE ', '16000', '18', NULL, '16000', 0),
(529, '217', '862201055624135', '10', '204', NULL, 'BULE ', '16000', '18', NULL, '16000', 0),
(530, '218', '862201054033692', '10', '205', NULL, 'BLACK ', '14000', '18', NULL, '14000', 0),
(531, '219', '868166064325350', '10', '206', NULL, 'BLUE ', '10000', '18', NULL, '10000', 0),
(532, '219', '864562058953898', '10', '206', NULL, 'BLUE ', '10000', '18', NULL, '10000', 0),
(533, '220', '868842058557139', '10', '207', NULL, 'BLUE ', '12000', '18', NULL, '12000', 0),
(534, '220', '868976052100635', '10', '207', NULL, 'GREY ', '12000', '18', NULL, '12000', 0),
(535, '221', '867836052131090', '10', '208', NULL, 'BLUE ', '9000', '18', NULL, '9000', 0),
(536, '222', '862201055648712', '10', '204', NULL, 'BLUE ', '16000', '18', NULL, '16000', 0),
(537, '223', '862847055958426', '10', '209', NULL, 'BLUE ', '14000', '18', NULL, '14000', 0),
(538, '224', '860801065812885', '10', '210', NULL, 'GREEN ', '8000', '18', NULL, '8000', 0),
(539, '225', '864015069636879', '11', '211', NULL, 'LUMINA BLUE ', '16000', '18', NULL, '16000', 0),
(540, '226', '355320880911311', '12', '212', NULL, 'GREY ', '10000', '18', NULL, '10000', 0),
(541, '226', '355320881106457', '12', '212', NULL, 'GREY ', '10000', '18', NULL, '10000', 0),
(542, '227', '350092233425811', '12', '214', NULL, 'WHITE ', '9000', '18', NULL, '9000', 0),
(543, '228', '356206205050415', '12', '213', NULL, 'RED ', '11000', '18', NULL, '11000', 0),
(544, '229', '355305616906313', '6', '215', NULL, 'GREEN ', '45000', '18', NULL, '45000', 1),
(545, '230', '865780062965018', '9', '51', NULL, 'SILIVER ', '40000', '18', NULL, '40000', 1),
(546, '231', '869964060162614', '9', '216', NULL, 'BLUE ', '21000', '18', NULL, '21000', 1),
(547, '232', '865780062965018', '9', '51', NULL, 'SILVER ', '40000', '18', NULL, '40000', 1),
(548, '233', '869964060162614', '9', '216', NULL, 'BLUE ', '22000', '18', NULL, '22000', 1),
(549, '234', '869388050400596', '9', '53', NULL, 'BLUE ', '34000', '18', NULL, '34000', 0),
(550, '235', '866775060427739', '9', '50', NULL, 'GREEN', '41000', '18', NULL, '41000', 0),
(551, '236', '865780061892775', '9', '51', NULL, 'BLACK ', '41000', '18', NULL, '41000', 0),
(552, '237', '869559069478092', '9', '55', NULL, 'GREY', '24000', '18', NULL, '24000', 0),
(553, '238', '869388051904059', '9', '53', NULL, 'SKY', '41000', '18', NULL, '41000', 1),
(554, '239', '869437050256019', '9', '52', NULL, 'BLACK ', '35000', '18', NULL, '35000', 0),
(555, '240', '868368052523190', '9', '49', NULL, 'BLACK ', '65000', '18', NULL, '65000', 0);
INSERT INTO `tblimeitrack` (`id`, `PurchaseId`, `IMEI`, `Category`, `Product`, `variant`, `Colour`, `price`, `tax`, `Landing`, `total`, `Status`) VALUES
(556, '240', '868368052615657', '9', '49', NULL, 'EMERALD', '65000', '18', NULL, '65000', 0),
(557, '241', '861484060522152', '9', '48', NULL, 'BLUE ', '15000', '18', NULL, '15000', 0),
(558, '241', '861484060585258', '9', '48', NULL, 'BLACK ', '15000', '18', NULL, '15000', 0),
(559, '241', '861484061799437', '9', '48', NULL, 'BLACK ', '15000', '18', NULL, '15000', 0),
(560, '241', '861484060651373', '9', '48', NULL, 'BLACK ', '15000', '18', NULL, '15000', 0),
(561, '242', '860617041195322', '5', '68', NULL, 'GOLD', '8000', '18', NULL, '8000', 0),
(562, '242', '860036042255680', '5', '68', NULL, 'GOLD ', '8000', '18', NULL, '8000', 0),
(563, '242', '867303034786673', '5', '68', NULL, 'GOLD ', '8000', '18', NULL, '8000', 0),
(564, '242', '862519041753829', '5', '56', NULL, 'GOLD ', '8000', '18', NULL, '8000', 0),
(565, '243', '866592066168237', '5', '67', NULL, 'GREEN ', '8000', '18', NULL, '8000', 1),
(566, '244', '867332053725023', '5', '66', NULL, 'BLUE ', '9000', '18', NULL, '9000', 0),
(567, '245', '869406051048717', '5', '65', NULL, 'BLACK ', '28000', '18', NULL, '28000', 0),
(568, '246', '864701050533395', '5', '64', NULL, 'SILVER ', '47000', '18', NULL, '47000', 0),
(569, '247', '863190052336356', '5', '62', NULL, 'WHITE ', '14500', '18', NULL, '14500', 0),
(570, '248', '868327050279759', '5', '63', NULL, 'SILVER', '39000', '18', NULL, '39000', 0),
(571, '249', '864581052821919', '5', '62', NULL, 'GREEN ', '14500', '18', NULL, '14500', 0),
(572, '249', '863190053930157', '5', '62', NULL, 'GREEN ', '14500', '18', NULL, '14500', 0),
(573, '250', '860825056789216', '5', '61', NULL, 'SILVER ', '15000', '18', NULL, '15000', 0),
(574, '251', '868448049143714', '5', '60', NULL, 'BLACK ', '18000', '18', NULL, '18000', 0),
(575, '252', '862921042643159', '5', '59', NULL, 'BLACK ', '17000', '18', NULL, '17000', 0),
(576, '252', '863118047104870', '5', '59', NULL, 'BLUE ', '17000', '18', NULL, '17000', 0),
(577, '253', '861461065170633', '5', '58', NULL, 'BLUE ', '11000', '18', NULL, '11000', 0),
(578, '253', '86141068822032', '5', '58', NULL, 'BLUE', '11000', '18', NULL, '11000', 0),
(579, '254', '861896067262864', '5', '57', NULL, 'BLUE', '8000', '18', NULL, '8000', 1),
(580, '254', '862123061245764', '5', '57', NULL, 'GREEN', '8000', '18', NULL, '8000', 0),
(581, '254', '860882063144000', '5', '57', NULL, 'BLUE ', '8000', '18', NULL, '8000', 1),
(582, '254', '862305069374627', '5', '57', NULL, 'GREEN ', '8000', '18', NULL, '8000', 0),
(583, '254', '862305069941540', '5', '57', NULL, 'BLUE ', '8000', '18', NULL, '8000', 1),
(584, '254', '860882065031247', '5', '57', NULL, 'BLUE ', '8000', '18', NULL, '8000', 0),
(585, '255', '868480045646788', '5', '56', NULL, 'BLUE ', '11000', '18', NULL, '11000', 0),
(586, '255', '861506061860957', '5', '56', NULL, 'BLACK ', '11000', '18', NULL, '11000', 0),
(587, '255', '868480045646887', '5', '56', NULL, 'BLUE ', '11000', '18', NULL, '11000', 0),
(588, '255', '861506061831156', '5', '56', NULL, 'BLUE ', '11000', '18', NULL, '11000', 0),
(589, '255', '861506061861757', '5', '56', NULL, 'BLACK ', '11000', '18', NULL, '11000', 0),
(590, '255', '861506061115568', '5', '56', NULL, 'BLACK ', '11000', '18', NULL, '11000', 0),
(591, '255', '861506061831115', '5', '56', NULL, 'BLUE', '11000', '18', NULL, '11000', 0),
(592, '255', '861506061845594', '5', '56', NULL, 'BLUE ', '11000', '18', NULL, '11000', 0),
(593, '255', '868480045652505', '5', '56', NULL, 'BLUE ', '11000', '18', NULL, '11000', 0),
(594, '255', '851506061121145', '5', '56', NULL, 'SILVER ', '11000', '18', NULL, '11000', 0),
(595, '255', '861506061123521', '5', '56', NULL, 'BLUE ', '11000', '18', NULL, '11000', 0),
(596, '255', '861506061122440', '5', '56', NULL, 'BLUE ', '11000', '18', NULL, '11000', 0),
(597, '255', '861506061122382', '5', '56', NULL, 'BLUE ', '11000', '18', NULL, '11000', 0),
(598, '255', '868480045653289', '5', '56', NULL, 'BLUE ', '11000', '18', NULL, '11000', 0),
(599, '255', '861506061134528', '5', '56', NULL, 'SILVER ', '11000', '18', NULL, '11000', 0),
(600, '255', '861506061123562', '5', '56', NULL, 'BLUE ', '11000', '18', NULL, '11000', 0),
(601, '255', '861506061120600', '5', '56', NULL, 'SILVER ', '11000', '18', NULL, '11000', 0),
(602, '256', '867777054420752', '4', '79', NULL, 'GREY ', '12000', '18', NULL, '12000', 0),
(603, '257', '867095056957493', '4', '84', NULL, 'GREY ', '13000', '18', NULL, '13000', 0),
(604, '258', '863896053176498', '4', '82', NULL, 'GREEN ', '10000', '18', NULL, '10000', 0),
(605, '259', '866805058278859', '4', '80', NULL, 'BLACK ', '8500', '18', NULL, '8500', 0),
(606, '260', '867482045271659', '5', '83', NULL, 'RED ', '19000', '18', NULL, '19000', 0),
(607, '261', '863896052798755', '4', '82', NULL, 'GREEN ', '10000', '18', NULL, '10000', 0),
(608, '262', '860609062705113', '4', '81', NULL, 'GREEN ', '10000', '18', NULL, '10000', 0),
(609, '263', '863802065758133', '4', '71', NULL, 'BLACK ', '12000', '18', NULL, '12000', 0),
(610, '264', '863802061885690', '4', '73', NULL, 'GREEN ', '11000', '18', NULL, '11000', 0),
(611, '265', '868176052011458', '4', '72', NULL, 'BLUE ', '8000', '18', NULL, '8000', 0),
(612, '265', '868176052009858', '4', '72', NULL, 'BLUE ', '8000', '18', NULL, '8000', 0),
(613, '266', '861542064220915', '4', '71', NULL, 'GREEN ', '11000', '18', NULL, '11000', 2),
(614, '266', '864874064385050', '4', '71', NULL, 'GREEN', '11000', '18', NULL, '11000', 2),
(615, '267', '869460059768156', '4', '80', NULL, 'GREEN ', '8000', '18', NULL, '8000', 0),
(616, '268', '864412062802295', '4', '70', NULL, 'BLUE ', '16500', '18', NULL, '16500', 0),
(617, '269', '861324065718316', '4', '69', NULL, 'BLUE ', '14000', '18', NULL, '14000', 0),
(618, '269', '861324065737753', '4', '69', NULL, 'BLUE ', '14000', '18', NULL, '14000', 0),
(619, '270', '862448053415657', '4', '77', NULL, 'BLUE ', '17000', '18', NULL, '17000', 0),
(620, '271', '860920058375138', '4', '76', NULL, 'BLUE ', '9000', '18', NULL, '9000', 0),
(621, '272', '867777053390774', '4', '79', NULL, 'GREY ', '12000', '18', NULL, '12000', 0),
(622, '273', '862839055561110', '4', '74', NULL, 'SILVER ', '12000', '18', NULL, '12000', 0),
(623, '273', '862839054714330', '4', '74', NULL, 'SILVER ', '12000', '18', NULL, '12000', 0),
(624, '274', '863519059629316', '4', '77', NULL, 'BLACK ', '17000', '18', NULL, '17000', 0),
(625, '275', '865493063219878', '4', '217', NULL, 'DARK MATTER', '26500', '18', NULL, '26500', 1),
(626, '276', '860838063470977', '2', '156', NULL, 'BLACK ', '20000', '18', NULL, '20000', 0),
(627, '276', '860838063965570', '2', '156', NULL, 'BLUE ', '20000', '18', NULL, '20000', 0),
(628, '276', '860838063965992', '2', '156', NULL, 'BLUE ', '20000', '18', NULL, '20000', 0),
(629, '276', '860838063470290', '2', '156', NULL, 'BLACK ', '20000', '18', NULL, '20000', 0),
(630, '277', '864397069774136', '2', '7', NULL, 'GREEN ', '15000', '18', NULL, '15000', 0),
(631, '277', '864397068046478', '2', '7', NULL, 'BLACK ', '15000', '18', NULL, '15000', 0),
(632, '277', '864397068043939', '2', '7', NULL, 'BLACK ', '15000', '18', NULL, '15000', 0),
(633, '277', '864397069774177', '2', '7', NULL, 'GREEN ', '15000', '18', NULL, '15000', 1),
(634, '278', '862611064728737', '2', '8', NULL, 'BLUE ', '13500', '18', NULL, '13500', 1),
(635, '278', '862611066086878', '2', '8', NULL, 'BLACK ', '13500', '18', NULL, '13500', 1),
(636, '278', '862611063592654', '2', '8', NULL, 'ORANGE ', '13500', '18', NULL, '13500', 0),
(637, '279', '860150066253552', '2', '11', NULL, 'BLUE ', '11500', '18', NULL, '11500', 0),
(638, '279', '860150066253891', '2', '11', NULL, 'BLUE ', '11500', '18', NULL, '11500', 1),
(639, '279', '860150066252919', '2', '11', NULL, 'BLUE ', '11500', '18', NULL, '11500', 1),
(640, '280', '867426068115558', '2', '16', NULL, 'GOLD ', '30000', '18', NULL, '30000', 0),
(641, '280', '867426067335132', '2', '16', NULL, 'BLACK ', '30000', '18', NULL, '30000', 1),
(642, '280', '867426067335678', '2', '16', NULL, 'BLACK ', '30000', '18', NULL, '30000', 0),
(643, '280', '867426068116416', '2', '16', NULL, 'GOLD ', '30000', '18', NULL, '30000', 0),
(644, '281', '864904062339070', '2', '4', NULL, 'GOLD ', '27000', '18', NULL, '27000', 0),
(645, '281', '863534060151119', '2', '4', NULL, 'GOLD ', '27000', '18', NULL, '27000', 0),
(646, '282', '353763693526051', '6', '218', NULL, 'PURPLE', '70000', '18', NULL, '70000', 1),
(647, '283', '865546061536815', '9', '219', NULL, 'JADE FOG ', '35000', '18', NULL, '35000', 0),
(648, '284', '863067065384575', '3', '36', NULL, 'NOBLE BLACK ', '33000', '18', NULL, '33000', 0),
(649, '285', '862207063327876', '3', '22', NULL, 'BLACK ', '12500', '18', NULL, '12500', 0),
(650, '285', '862207064844895', '3', '22', NULL, 'GOLD ', '12500', '18', NULL, '12500', 0),
(651, '285', '862207066724194', '3', '22', NULL, 'GOLD ', '12500', '18', NULL, '12500', 1),
(652, '286', '863595067807854', '3', '44', NULL, 'ORANGE ', '20000', '18', NULL, '20000', 1),
(653, '287', '863340063493718', '3', '25', NULL, 'GREEN ', '14500', '18', NULL, '14500', 0),
(654, '287', '863340063491738', '3', '25', NULL, 'GREEN ', '14500', '18', NULL, '14500', 0),
(655, '287', '863340063492439', '3', '25', NULL, 'GREEN ', '14500', '18', NULL, '14500', 0),
(656, '287', '863340063493353', '3', '25', NULL, 'GREEN ', '14500', '18', NULL, '14500', 0),
(657, '288', '862207063158750', '3', '22', NULL, 'BLACK  ', '13500', '18', NULL, '13500', 1),
(658, '288', '862207066701432', '3', '22', NULL, 'GOLD ', '13500', '18', NULL, '13500', 1),
(659, '289', '863595067807177', '3', '44', NULL, 'ORANGE ', '20000', '18', NULL, '20000', 1),
(660, '290', '863067065124138', '3', '36', NULL, 'BLUE ', '32000', '18', NULL, '32000', 0),
(661, '291', '863067065401635', '3', '36', NULL, 'BLUE ', '32000', '18', NULL, '32000', 0),
(662, '292', '863595067811393', '3', '44', NULL, 'ORANGE ', '20000', '18', NULL, '20000', 0),
(663, '292', '863595067809090', '3', '44', NULL, 'ORANGE ', '20000', '18', NULL, '20000', 0),
(664, '293', '868236069136035', '3', '18', NULL, 'GOLD ', '9000', '18', NULL, '9000', 2),
(665, '293', '868236069147636', '3', '18', NULL, 'GOLD ', '9000', '18', NULL, '9000', 2),
(666, '293', '868236069147032', '3', '18', NULL, 'GOLD ', '9000', '18', NULL, '9000', 2),
(667, '293', '868236066961179', '3', '18', NULL, 'GREY ', '9000', '18', NULL, '9000', 2),
(668, '294', '862207062270192', '3', '22', NULL, 'GOLD ', '13500', '18', NULL, '13500', 0),
(669, '294', '862207062173693', '3', '22', NULL, 'GOLD ', '13500', '18', NULL, '13500', 0),
(670, '294', '862207063242778', '3', '22', NULL, 'GOLD ', '13500', '18', NULL, '13500', 0),
(671, '294', '862207063823452', '3', '22', NULL, 'BLACK ', '13500', '18', NULL, '13500', 0),
(672, '295', '863340064700855', '3', '26', NULL, 'GREEN ', '16500', '18', NULL, '16500', 0),
(673, '295', '863340062646399', '3', '26', NULL, 'BLUE ', '16500', '18', NULL, '16500', 0),
(674, '295', '863340062642257', '3', '26', NULL, 'BLUE ', '16500', '18', NULL, '16500', 0),
(675, '295', '863340062642273', '3', '26', NULL, 'BLUE ', '16500', '18', NULL, '16500', 0),
(676, '296', '862682068563032', '3', '20', NULL, 'BLACK ', '10000', '18', NULL, '10000', 1),
(677, '296', '865905063855898', '3', '20', NULL, 'BLACK ', '10000', '18', NULL, '10000', 0),
(678, '297', '866670067517154', '3', '38', NULL, 'BLIE ', '37000', '18', NULL, '37000', 1),
(679, '297', '866670067523574', '3', '39', NULL, 'BLUE ', '37000', '18', NULL, '37000', 1),
(680, '298', '868236069485770', '3', '220', NULL, 'GOLD ', '9000', '18', NULL, '9000', 1),
(681, '298', '868236069147636', '3', '220', NULL, 'GOLD ', '9000', '18', NULL, '9000', 0),
(682, '298', '868236069147032', '3', '220', NULL, 'GOLD ', '9000', '18', NULL, '9000', 0),
(683, '298', '868236066961179', '3', '220', NULL, 'GREY ', '9000', '18', NULL, '9000', 0),
(684, '299', '357962502293426', '1', '221', NULL, 'COPPER', '12000', '18', NULL, '12000', 1),
(685, '299', '357962502294754', '1', '221', NULL, 'COPPER ', '12000', '18', NULL, '12000', 0),
(686, '299', '357962502294457', '1', '221', NULL, 'COPPER ', '12000', '18', NULL, '12000', 0),
(687, '299', '357962502293335', '1', '221', NULL, 'COPPER ', '12000', '18', NULL, '12000', 0),
(688, '300', '354320271060984', '1', '222', NULL, 'GREEN ', '10500', '18', NULL, '10500', 0),
(689, '300', '354320271038493', '1', '222', NULL, 'GREEN ', '10500', '18', NULL, '10500', 0),
(690, '300', '354320271038907', '1', '222', NULL, 'GREEN ', '10500', '18', NULL, '10500', 0),
(691, '300', '354320271074001', '1', '222', NULL, 'GREEN ', '10500', '18', NULL, '10500', 0),
(692, '301', '863067065092053', '3', '36', NULL, 'BLUE ', '33000', '18', NULL, '33000', 1),
(693, '302', '866670067012073', '3', '38', NULL, 'BLUE ', '38000', '18', NULL, '38000', 0),
(694, '303', '860150066112592', '2', '11', NULL, 'BLUE ', '10000', '18', NULL, '10000', 0),
(695, '303', '860150066112253', '2', '11', NULL, 'BLUE ', '10000', '18', NULL, '10000', 0),
(696, '303', '860150065172498', '2', '11', NULL, 'GOLD  ', '10000', '18', NULL, '10000', 0),
(697, '303', '860150065168033', '2', '11', NULL, 'GOLD ', '10000', '18', NULL, '10000', 0),
(698, '303', '860150066111859', '2', '11', NULL, 'BLUET', '10000', '18', NULL, '10000', 0),
(699, '304', '862611069487297', '2', '8', NULL, 'ORANGE ', '12500', '18', NULL, '12500', 0),
(700, '304', '862611068124651', '2', '8', NULL, 'BLACK ', '12500', '18', NULL, '12500', 0),
(701, '304', '862611068129338', '2', '8', NULL, 'BLACK ', '12500', '18', NULL, '12500', 0),
(702, '304', '862611067398538', '2', '8', NULL, 'BLUE ', '12500', '18', NULL, '12500', 0),
(703, '304', '862611067399015', '2', '8', NULL, 'BLUE ', '12500', '18', NULL, '12500', 0),
(704, '305', '862611069487511', '2', '8', NULL, 'ORANGE ', '12500', '18', NULL, '12500', 0),
(705, '306', '860150065166417', '2', '11', NULL, 'GOLD ', '10000', '18', NULL, '10000', 0),
(706, '307', '865768060509672', '2', '7', NULL, 'GREEN ', '15000', '18', NULL, '15000', 0),
(707, '307', '865768060508955', '2', '7', NULL, 'GREEN ', '15000', '18', NULL, '15000', 0),
(708, '307', '865768060509698', '2', '7', NULL, 'GREEN', '15000', '18', NULL, '15000', 0),
(709, '307', '865768060509714', '2', '7', NULL, 'GREEN', '15000', '18', NULL, '15000', 0),
(710, '307', '865768060509755', '2', '7', NULL, 'GREEN ', '15000', '18', NULL, '15000', 0),
(711, '308', '867426067337179', '2', '16', NULL, 'BLACK', '32000', '18', NULL, '32000', 0),
(712, '308', '867426069257037', '2', '16', NULL, 'GOLD ', '32000', '18', NULL, '32000', 0),
(713, '308', '867426069256690', '2', '16', NULL, 'GOLD ', '32000', '18', NULL, '32000', 0),
(714, '309', '350655753581971', '1', '85', NULL, 'BRONZE ', '8000', '18', NULL, '8000', 0),
(715, '309', '351314619750888', '1', '85', NULL, 'BRONZE ', '8000', '18', NULL, '8000', 0),
(716, '309', '351314619762321', '1', '85', NULL, 'BRONZE', '8000', '18', NULL, '8000', 0),
(717, '309', '351314619751241', '1', '85', NULL, 'BRONZE ', '8000', '18', NULL, '8000', 0),
(718, '309', '351314619759731', '1', '85', NULL, 'BRONZE', '8000', '18', NULL, '8000', 0),
(719, '309', '351314619029903', '1', '85', NULL, 'ONYX', '8000', '18', NULL, '8000', 0),
(720, '309', '351314619007834', '1', '85', NULL, 'ONYX ', '8000', '18', NULL, '8000', 0),
(721, '309', '351314619028889', '1', '85', NULL, 'ONYX ', '8000', '18', NULL, '8000', 0),
(722, '309', '350655752848033', '1', '85', NULL, 'ONYX', '8000', '18', NULL, '8000', 0),
(723, '309', '350655752911138', '1', '85', NULL, 'ONYX ', '8000', '18', NULL, '8000', 0),
(724, '310', '354320271047783', '1', '222', NULL, 'GREEN ', '9500', '18', NULL, '9500', 0),
(725, '310', '354320271074498', '1', '222', NULL, 'GREEN  ', '9500', '18', NULL, '9500', 0),
(726, '310', '354320271076329', '1', '222', NULL, 'GREEN ', '9500', '18', NULL, '9500', 0),
(727, '311', '358799693832334', '1', '94', NULL, 'GREEN ', '13500', '18', NULL, '13500', 0),
(728, '311', '358799693814688', '1', '94', NULL, 'GREEN ', '13500', '18', NULL, '13500', 0),
(729, '311', '358799693784667', '1', '94', NULL, 'GREEN ', '13500', '18', NULL, '13500', 0),
(730, '312', '351940695076648', '1', '141', NULL, 'BLUE ', '18500', '18', NULL, '18500', 0),
(731, '312', '351940695084501', '1', '141', NULL, 'BLUE ', '18500', '18', NULL, '18500', 0),
(732, '312', '351940695075459', '1', '141', NULL, 'BLUE ', '18500', '18', NULL, '18500', 0),
(733, '313', '350894213886957', '1', '100', NULL, 'BLACK ', '21000', '18', NULL, '21000', 0),
(734, '314', '355066968615577', '1', '108', NULL, 'GREEN ', '74000', '18', NULL, '74000', 0),
(735, '315', '962207063821670', '3', '22', NULL, 'BLACK ', '12000', '18', NULL, '12000', 0),
(736, '315', '962207063822611', '3', '22', NULL, 'GOLD ', '12000', '18', NULL, '12000', 0),
(737, '315', '962207062002751', '3', '22', NULL, 'BLACK', '12000', '18', NULL, '12000', 0),
(738, '315', '962207062001878', '3', '22', NULL, 'GOLD', '12000', '18', NULL, '12000', 0),
(739, '316', '868386069794372', '3', '1', NULL, 'BLACK ', '24000', '18', NULL, '24000', 0),
(740, '317', '863067064540276', '3', '36', NULL, 'BLACK ', '33000', '18', NULL, '33000', 0),
(741, '317', '863067064542694', '3', '36', NULL, 'BLACK ', '33000', '18', NULL, '33000', 0),
(742, '318', '869657068974630', '3', '37', NULL, 'BLUE ', '37000', '18', NULL, '37000', 0),
(743, '319', '868236069146539', '3', '220', NULL, 'GOLD ', '9000', '18', NULL, '9000', 0),
(744, '319', '868236066953374', '3', '220', NULL, 'GREY ', '9000', '18', NULL, '9000', 0),
(745, '319', '868236069144096', '3', '220', NULL, 'GOLD ', '9000', '18', NULL, '9000', 0),
(746, '319', '861175069373395', '3', '220', NULL, 'BLUE', '9000', '18', NULL, '9000', 0),
(747, '319', '868236069145333', '3', '220', NULL, 'GOLD ', '9000', '18', NULL, '9000', 0),
(748, '320', '862207061985592', '3', '22', NULL, 'GOLD ', '12500', '18', NULL, '12500', 0),
(749, '320', '862207061999734', '3', '22', NULL, 'GOLD ', '12500', '18', NULL, '12500', 0),
(750, '320', '862207063338857', '3', '22', NULL, 'BLACK ', '12500', '18', NULL, '12500', 0),
(751, '320', '862207062002199', '3', '22', NULL, 'GOLD', '12500', '18', NULL, '12500', 0),
(752, '320', '862207062002694', '3', '22', NULL, 'GOLD ', '12500', '18', NULL, '12500', 0),
(753, '321', '863595069264757', '3', '44', NULL, 'ORANGE ', '20000', '18', NULL, '20000', 0),
(754, '321', '863595069264815', '3', '44', NULL, 'ORANGE ', '20000', '18', NULL, '20000', 0),
(755, '322', '863067064521532', '3', '36', NULL, 'BLACK ', '33000', '18', NULL, '33000', 0),
(756, '322', '863067064540136', '3', '36', NULL, 'BLACK ', '33000', '18', NULL, '33000', 0),
(757, '323', '869657068974010', '3', '37', NULL, 'BLUE ', '37000', '18', NULL, '37000', 0),
(758, '324', '860801060192820', '10', '223', NULL, 'BLUE ', '7000', '18', NULL, '7000', 0),
(759, '324', '860801064377427', '10', '223', NULL, 'GREEN ', '7000', '18', NULL, '7000', 0),
(760, '325', '869842064117059', '3', '22', NULL, 'GOLD ', '12500', '18', NULL, '12500', 0),
(761, '325', '869842064115913', '3', '22', NULL, 'GOLD ', '12500', '18', NULL, '12500', 0),
(762, '325', '869842064116051', '3', '22', NULL, 'GOLD ', '12500', '18', NULL, '12500', 0),
(763, '325', '869842064111136', '3', '22', NULL, 'GOLD ', '12500', '18', NULL, '12500', 0),
(764, '325', '869842064114916', '3', '22', NULL, 'GOLD ', '12500', '18', NULL, '12500', 0),
(765, '325', '869842064192177', '3', '22', NULL, 'BLACK ', '12500', '18', NULL, '12500', 0),
(766, '325', '869842064185213', '3', '22', NULL, 'BLACK ', '12500', '18', NULL, '12500', 0),
(767, '325', '869842065057254', '3', '22', NULL, 'BLACK ', '12500', '18', NULL, '12500', 0),
(768, '325', '869842064183796', '3', '22', NULL, 'BLACK ', '12500', '18', NULL, '12500', 0),
(769, '325', '869842064192730', '3', '22', NULL, 'BLACK ', '12500', '18', NULL, '12500', 0),
(770, '326', '865214521445224', '1', '224', NULL, 'White', '59750', '18', NULL, '59750', 1),
(771, '327', '865214521445225', '1', '225', NULL, 'Olive Green', '59750', '18', NULL, '59750', 1),
(772, '327', '865214521445245', '1', '225', NULL, 'White', '59750', '18', NULL, '59750', 1),
(773, '327', '865214521445298', '1', '225', NULL, 'Purple', '59750', '18', NULL, '59750', 1),
(774, '328', '865214521478944', '1', '226', NULL, 'White', '119999', '18', NULL, '119999', 1),
(775, '329', '865214521445211', '1', '227', NULL, 'White', '129999', '18', NULL, '129999', 0),
(776, '329', '865214521445212', '1', '227', NULL, 'Olive Green', '129999', '18', NULL, '129999', 1),
(777, '329', '865214521445213', '1', '227', NULL, 'Black', '129999', '18', NULL, '129999', 0),
(778, '329', '865214521445214', '1', '227', NULL, 'White', '129999', '18', NULL, '129999', 0),
(779, '330', '123123', '1', '95', NULL, 'Black', '5000', '18', NULL, '5000', 0),
(780, '331', '865214521445246', '1', '85', NULL, 'White', '59750', '18', NULL, '70505.00', 0),
(781, '331', '865214521445227', '1', '85', NULL, 'White', '59750', '18', NULL, '70505.00', 0);

-- --------------------------------------------------------

--
-- Table structure for table `tblproduct`
--

CREATE TABLE `tblproduct` (
  `id` bigint(20) UNSIGNED NOT NULL,
  `Category` text DEFAULT NULL,
  `Product` text DEFAULT NULL,
  `MRP` text DEFAULT NULL,
  `Price` text DEFAULT NULL,
  `Serial` int(11) DEFAULT 0,
  `Status` int(11) NOT NULL DEFAULT 0,
  `AddedDate` text DEFAULT NULL,
  `CreatedDate` text DEFAULT NULL
) ENGINE=InnoDB DEFAULT CHARSET=latin1 COLLATE=latin1_swedish_ci;

--
-- Dumping data for table `tblproduct`
--

INSERT INTO `tblproduct` (`id`, `Category`, `Product`, `MRP`, `Price`, `Serial`, `Status`, `AddedDate`, `CreatedDate`) VALUES
(1, '3', 'Y100(8GB/128GB)', '25000', '', 0, 0, '2023-03-26', '2023-03-26 12:57:35'),
(2, '3', 'Y35(8GB/128GB)', '18500', '', 0, 0, '2023-03-26', '2023-03-26 12:58:37'),
(3, '2', 'A78(8GB/128GB)', '19000', '', 0, 0, '2023-03-26', '2023-03-26 13:00:33'),
(4, '2', 'F21S PRO 5G(8GB/128GB)', '26000', '', 0, 0, '2023-03-26', '2023-03-26 13:01:12'),
(5, '2', 'F21S PRO 4G(8GB/128GB)', '22000', '', 0, 0, '2023-03-26', '2023-03-26 13:02:04'),
(6, '2', 'A77S(8GB/128GB)', '18000', '', 0, 0, '2023-03-26', '2023-03-26 13:02:33'),
(7, '2', 'A57(4GB/64GB)', '14000', '', 0, 0, '2023-03-26', '2023-03-26 13:04:13'),
(8, '2', 'A17(4GB/64GB)', '12500', '', 0, 0, '2023-03-26', '2023-03-26 13:05:02'),
(9, '2', 'A55(4GB/128GB)', '14000', '', 0, 0, '2023-03-26', '2023-03-26 13:06:35'),
(10, '2', 'A55(4GB/64GB)', '13000', '', 0, 0, '2023-03-26', '2023-03-26 13:08:20'),
(11, '2', 'A17K(3GB/64GB)', '9500', '', 0, 0, '2023-03-26', '2023-03-26 13:09:05'),
(12, '2', 'A16E(4GB/64GB)', '10000', '', 0, 0, '2023-03-26', '2023-03-26 13:09:54'),
(13, '2', 'A16E(3GB/32GB)', '9000', '', 0, 0, '2023-03-26', '2023-03-26 13:10:35'),
(14, '2', 'A77(4GB/128GB)', '16000', '', 0, 0, '2023-03-26', '2023-03-26 13:12:31'),
(15, '2', 'A55(6GB/128GB)', '15000', '', 0, 0, '2023-03-26', '2023-03-26 13:14:52'),
(16, '2', 'RENO 8T 5G(8GB/128GB)', '30000', '', 0, 0, '2023-03-26', '2023-03-26 13:15:31'),
(17, '2', 'AIR PAD TAB(4GB/128GB)', '20000', '', 0, 0, '2023-03-26', '2023-03-26 13:17:31'),
(18, '3', 'Y02(2GB/32GB)', '8000', '', 0, 0, '2023-03-26', '2023-03-26 13:18:58'),
(19, '3', 'Y15C (3GB/32GB)', '9500', '', 0, 0, '2023-03-26', '2023-03-26 13:19:32'),
(20, '3', 'Y16(3GB/32GB)', '10000', '', 0, 0, '2023-03-26', '2023-03-26 13:20:07'),
(21, '3', 'Y16(3GB/64GB)', '10500', '', 0, 0, '2023-03-26', '2023-03-26 13:21:05'),
(22, '3', 'Y16(4GB/64GB)', '12500', '', 0, 0, '2023-03-26', '2023-03-26 13:21:42'),
(23, '3', 'Y21E(3GB/64GB)', '12500', '', 0, 0, '2023-03-26', '2023-03-26 13:22:36'),
(24, '3', 'Y21(4GB/64GB)', '14000', '', 0, 0, '2023-03-26', '2023-03-26 13:23:18'),
(25, '3', 'Y22(4GB/648GB)', '14500', '', 0, 0, '2023-03-26', '2023-03-26 13:24:39'),
(26, '3', 'Y22(6GB/128GB)', '16500', '', 0, 0, '2023-03-26', '2023-03-26 13:25:11'),
(27, '3', 'T144W(4GB/128GB)', '14500', '', 0, 0, '2023-03-26', '2023-03-26 13:25:57'),
(28, '3', 'T144W(8GB/128GB)', '18000', '', 0, 0, '2023-03-26', '2023-03-26 13:26:28'),
(29, '3', 'T1X(4GB/128GB)', '12500', '', 0, 0, '2023-03-26', '2023-03-26 13:27:07'),
(30, '3', 'T1X(6GB/128GB)', '15500', '', 0, 0, '2023-03-26', '2023-03-26 13:27:45'),
(31, '3', 'Y75 4G(8GB/128GB)', '20000', '', 0, 0, '2023-03-26', '2023-03-26 13:28:26'),
(32, '3', 'Y75 5G(8GB/128GB)', '22000', '', 0, 0, '2023-03-26', '2023-03-26 13:28:50'),
(33, '3', 'V23E(8GB/128GB)', '25000', '', 0, 0, '2023-03-26', '2023-03-26 13:29:20'),
(34, '3', 'V25 (8GB/128GB)', '28000', '', 0, 0, '2023-03-26', '2023-03-26 13:29:47'),
(35, '3', 'V23 (8GB/128GB)', '30000', '', 0, 0, '2023-03-26', '2023-03-26 13:30:26'),
(36, '3', 'V27 (8GB/128GB)', '33000', '', 0, 0, '2023-03-26', '2023-03-26 13:30:50'),
(37, '3', 'V27(12GB/256GB)', '37000', '', 0, 0, '2023-03-26', '2023-03-26 13:31:19'),
(38, '3', 'V27 PRO(8GB/128GB)', '38000', '', 0, 0, '2023-03-26', '2023-03-26 13:31:49'),
(39, '3', 'V27 PRO(8GB/256GB)', '40000', '', 0, 0, '2023-03-26', '2023-03-26 13:32:20'),
(40, '3', 'V27 PRO(12GB/256GB)', '43000', '', 0, 0, '2023-03-26', '2023-03-26 13:32:52'),
(41, '3', 'V23 PRO(8GB/128GB)', '39000', '', 0, 0, '2023-03-26', '2023-03-26 13:33:15'),
(42, '3', 'V21E(8GB/128GB)', '25000', '', 0, 0, '2023-03-26', '2023-03-26 13:33:39'),
(43, '3', 'X70 PRO(8GB/256GB)', '50000', '', 0, 0, '2023-03-26', '2023-03-26 13:34:19'),
(44, '3', 'Y56 5G (8GB/128GB)', '20000', '', 0, 0, '2023-03-26', '2023-03-26 15:18:39'),
(45, '3', 'Y56 5G (8GB/128GB)', '20000', '', 0, 0, '2023-03-26', '2023-03-26 15:20:09'),
(46, '3', 'Y73 (8GB/128GB)', '20000', '', 0, 0, '2023-03-26', '2023-03-26 15:24:15'),
(47, '3', 'V25 (12GB/256GB)', '32000', '', 0, 0, '2023-03-26', '2023-03-26 15:25:13'),
(48, '9', 'N20 (4GB/64GB)', '16000', '', 0, 0, '2023-03-26', '2023-03-26 16:15:41'),
(49, '9', '10 PRO 5G (12GB/256GB)', '65000', '', 0, 0, '2023-03-26', '2023-03-26 16:16:58'),
(50, '9', '10R(12GB/256GB)', '42000', '', 0, 0, '2023-03-26', '2023-03-26 16:17:46'),
(51, '9', '11R (8GB/128)', '42000', '', 0, 0, '2023-03-26', '2023-03-26 16:18:57'),
(52, '9', '9RT (8GB/128GB)', '38000', '', 0, 0, '2023-03-26', '2023-03-26 16:20:00'),
(53, '9', '9R (12GB/256GB)', '35000', '', 0, 0, '2023-03-26', '2023-03-26 16:21:52'),
(54, '9', 'NORD (6GB/128GB)', '20000', '', 0, 0, '2023-03-26', '2023-03-26 16:22:43'),
(55, '9', 'NORD CE 2(6GB/128GB)', '25000', '', 0, 0, '2023-03-26', '2023-03-26 16:36:42'),
(56, '5', 'REDMI 10A (6GB/128GB)', '11000', '', 0, 0, '2023-03-26', '2023-03-26 16:56:45'),
(57, '5', 'A1 (2GB/32GB)', '8500', '', 0, 0, '2023-03-26', '2023-03-26 17:23:23'),
(58, '5', '10A (4GB/64GB)', '12000', '', 0, 0, '2023-03-26', '2023-03-26 17:28:52'),
(59, '5', 'NOTE 9PRO (6GB/128GB)', '18000', '', 0, 0, '2023-03-26', '2023-03-26 17:31:49'),
(60, '5', 'NOTE 9PRO MAX (6GB/128GB)', '19000', '', 0, 0, '2023-03-26', '2023-03-26 17:34:34'),
(61, '5', '11 PRIME 5G (4GB/64GB)', '16000', '', 0, 0, '2023-03-26', '2023-03-26 17:36:22'),
(62, '5', 'NOTE 10T 5G (4GB/64GB)', '15500', '', 0, 0, '2023-03-26', '2023-03-26 17:38:43'),
(63, '5', '10T (6GB/128GB\")', '40000', '', 0, 0, '2023-03-26', '2023-03-26 17:41:27'),
(64, '5', '10T PRO (8GB/128GB)', '48000', '', 0, 0, '2023-03-26', '2023-03-26 17:44:27'),
(65, '5', '11I 5G (8GB/128GB)', '29000', '', 0, 0, '2023-03-26', '2023-03-26 17:47:21'),
(66, '5', '9I (4GB/64GB)', '10000', '', 0, 0, '2023-03-26', '2023-03-26 17:48:18'),
(67, '5', '9A (2GB/32GB)', '8500', '', 0, 0, '2023-03-26', '2023-03-26 17:49:21'),
(68, '5', ' REDMI 6A (3GB/32GB)', '9000', '', 0, 0, '2023-03-27', '2023-03-27 10:18:58'),
(69, '4', ' 9 5G (4GB/64GB)', '14000', '', 0, 0, '2023-03-27', '2023-03-27 10:33:27'),
(70, '4', '9I 5G (6GB/128GB)', '17500', '', 0, 0, '2023-03-27', '2023-03-27 10:40:41'),
(71, '4', 'C35 (4GB/64GB)', '12000', '', 0, 0, '2023-03-27', '2023-03-27 10:48:16'),
(72, '4', 'C21Y (3GB/32GB)', '9000', '', 0, 0, '2023-03-27', '2023-03-27 10:59:57'),
(73, '4', 'C35 (4GB/128GB)', '13000', '', 0, 0, '2023-03-27', '2023-03-27 11:08:21'),
(74, '4', 'NARZO 20 (4GB/64GB)', '13000', '', 0, 0, '2023-03-27', '2023-03-27 11:19:07'),
(75, '4', '8 PRO (8GB/128GB)', '18000', '', 0, 0, '2023-03-27', '2023-03-27 11:22:37'),
(76, '4', 'C21 (4GB/64GB)', '10000', '', 0, 0, '2023-03-27', '2023-03-27 11:26:12'),
(77, '4', '8 5G  (8GB/128GB)', '18000', '', 0, 0, '2023-03-27', '2023-03-27 11:30:50'),
(78, '4', 'NARZO 20 (4GB/64GB)', '12000', '', 0, 2, '2023-03-27', '2023-03-27 11:38:06'),
(79, '4', 'C25Y (4GB/128GB)', '13500', '', 0, 0, '2023-03-27', '2023-03-27 11:44:45'),
(80, '4', 'NARZO 50I (2GB/32GB)', '8500', '', 0, 0, '2023-03-27', '2023-03-27 11:48:20'),
(81, '4', 'NARZO 50I PRIME  (4GB/64GB)', '10000', '', 0, 0, '2023-03-27', '2023-03-27 11:52:58'),
(82, '4', 'NARZO 30A (3GB/32GB)', '9000', '', 0, 0, '2023-03-27', '2023-03-27 11:55:41'),
(83, '5', 'K20 PRO (6GB/128GB)', '20000', '', 0, 0, '2023-03-27', '2023-03-27 12:00:35'),
(84, '4', 'NARZO 50A (4GB/64GB)', '13000', '', 0, 0, '2023-03-27', '2023-03-27 12:18:39'),
(85, '1', 'A03 CORE (2GB/32GB)', '8000', '', 0, 0, '2023-03-27', '2023-03-27 12:49:14'),
(86, '1', 'A03 (3GB/32GB)', '9500', '', 0, 0, '2023-03-27', '2023-03-27 12:50:10'),
(87, '1', 'A03 S (3GB/32GB)', '10500', '', 0, 0, '2023-03-27', '2023-03-27 12:50:45'),
(88, '1', 'A03 S (4GB/64GB)', '12000', '', 0, 0, '2023-03-27', '2023-03-27 12:51:29'),
(89, '1', 'A04E (4GB/128GB)', '11500', '', 0, 0, '2023-03-27', '2023-03-27 12:52:41'),
(90, '1', 'A04 (4GB/64GB)', '12500', '', 0, 0, '2023-03-27', '2023-03-27 12:53:39'),
(91, '1', 'A04S (4GB/128GB)', '14500', '', 0, 0, '2023-03-27', '2023-03-27 12:55:08'),
(92, '1', 'A13 (4GB/64GB)', '15000', '', 0, 0, '2023-03-27', '2023-03-27 12:56:25'),
(93, '1', 'A13 (4GB/128GB)', '15500', '', 0, 0, '2023-03-27', '2023-03-27 12:56:58'),
(94, '1', 'A04S (4GB/64GB)', '13500', '', 0, 0, '2023-03-27', '2023-03-27 12:59:10'),
(95, '1', 'A12 (4GB/64GB)', '14000', '', 0, 0, '2023-03-27', '2023-03-27 13:00:00'),
(96, '1', 'A12 (6GB/128GB)', '15500', '', 0, 0, '2023-03-27', '2023-03-27 13:00:54'),
(97, '1', 'M13 (4GB/64GB)', '14500', '', 0, 0, '2023-03-27', '2023-03-27 13:03:13'),
(98, '1', 'M13 (6GB/128GB)', '13500', '', 0, 0, '2023-03-27', '2023-03-27 13:03:45'),
(99, '1', 'F42 (6GB/128GB)', '21000', '', 0, 0, '2023-03-27', '2023-03-27 13:05:05'),
(100, '1', 'A32 (8GB/128GB)', '21000', '', 0, 0, '2023-03-27', '2023-03-27 13:05:59'),
(101, '1', 'A23 (6GB/128GB)', '18500', '', 0, 0, '2023-03-27', '2023-03-27 13:07:11'),
(102, '1', 'A33 (6GB/128GB)', '26000', '', 0, 0, '2023-03-27', '2023-03-27 13:08:02'),
(103, '1', 'A53 (8GB/128GB)', '32000', '', 0, 0, '2023-03-27', '2023-03-27 13:08:31'),
(104, '1', 'A73 (8GB/128GB)', '42000', '', 0, 0, '2023-03-27', '2023-03-27 13:08:57'),
(105, '1', 'A73 (8GB/256GB)', '45000', '', 0, 0, '2023-03-27', '2023-03-27 13:09:29'),
(106, '1', 'A52S (8GB/128GB)', '32000', '', 0, 0, '2023-03-27', '2023-03-27 13:10:09'),
(107, '1', 'S20FE (8GB/128GB)', '50000', '', 0, 0, '2023-03-27', '2023-03-27 13:10:52'),
(108, '1', 'S22 (8GB/128GB)', '74000', '', 0, 0, '2023-03-27', '2023-03-27 13:12:04'),
(109, '1', 'S22 ULTRA (12GB/256GB)', '109000', '', 0, 0, '2023-03-27', '2023-03-27 13:12:53'),
(110, '1', 'FLIP4 (8GB/128GB)', '89000', '', 0, 0, '2023-03-27', '2023-03-27 13:14:04'),
(111, '1', 'FILIP3 (8GB/128GB)', '85000', '', 0, 0, '2023-03-27', '2023-03-27 13:15:16'),
(112, '1', 'FOLD4  (12GB/256GB)', '155000', '', 0, 0, '2023-03-27', '2023-03-27 13:15:59'),
(113, '1', 'NOTE 10 LITE (8GB/128GB)', '40000', '', 0, 0, '2023-03-27', '2023-03-27 13:16:42'),
(114, '1', 'NOTE 20 (8GB/128GB)', '85000', '', 0, 0, '2023-03-27', '2023-03-27 13:17:40'),
(115, '1', 'S20 ULTRA  (12GB/256GB)', '105000', '', 0, 0, '2023-03-27', '2023-03-27 13:19:18'),
(116, '1', 'S20 PLUS (8GB/128GB)', '55000', '', 0, 0, '2023-03-27', '2023-03-27 13:20:01'),
(117, '1', 'A71 (8GB/128GB)', '34000', '', 0, 0, '2023-03-27', '2023-03-27 13:22:18'),
(118, '1', 'M42 (8GB/128GB)', '23000', '', 0, 0, '2023-03-27', '2023-03-27 13:23:02'),
(119, '1', 'A72 (8GB/128GB)', '35000', '', 0, 0, '2023-03-27', '2023-03-27 13:23:26'),
(120, '1', 'M32 (6GB/128GB)', '18500', '', 0, 0, '2023-03-27', '2023-03-27 13:24:14'),
(121, '1', 'M32 PRIME (4GB/64GB)', '13500', '', 0, 0, '2023-03-27', '2023-03-27 13:25:06'),
(122, '1', 'F62 (8GB/128GB)', '26000', '', 0, 0, '2023-03-27', '2023-03-27 13:26:12'),
(123, '1', 'A51 (6GB/128GB)', '24000', '', 0, 0, '2023-03-27', '2023-03-27 13:27:16'),
(124, '1', 'A22 (6GB/128GB)', '18500', '', 0, 0, '2023-03-27', '2023-03-27 13:27:55'),
(125, '1', 'TAB A7 LITE ', '13500', '', 0, 0, '2023-03-27', '2023-03-27 13:29:37'),
(126, '1', 'TAB A7 LITE ', '13500', '', 0, 0, '2023-03-27', '2023-03-27 13:30:37'),
(127, '1', 'TAB A7 LITE', '13500', '', 0, 0, '2023-03-27', '2023-03-27 13:31:04'),
(128, '1', 'A22 5G (8GB/128GB)', '22000', '', 0, 0, '2023-03-27', '2023-03-27 13:32:02'),
(129, '1', 'A23 5G (6GB/128GB)', '23000', '', 0, 0, '2023-03-27', '2023-03-27 13:32:30'),
(130, '1', 'A53 (8GB/256GB)', '37500', '', 0, 0, '2023-03-27', '2023-03-27 13:33:18'),
(131, '1', 'A14 5G (6GB/128GB)', '19000', '', 0, 0, '2023-03-27', '2023-03-27 13:33:49'),
(132, '1', 'A14 5G (8GB/128GB)', '21000', '', 0, 0, '2023-03-27', '2023-03-27 13:34:28'),
(133, '1', 'A23 5G  (8GB/128GB)', '25000', '', 0, 0, '2023-03-27', '2023-03-27 13:37:17'),
(134, '1', 'M13 5G (4GB/64GB)', '15000', '', 0, 0, '2023-03-27', '2023-03-27 13:37:54'),
(135, '1', 'FILIP3  (8GB/256GB)', '89000', '', 0, 0, '2023-03-27', '2023-03-27 14:40:32'),
(136, '1', 'S22 (8GB/256GB)', '78000', '', 0, 0, '2023-03-27', '2023-03-27 14:44:18'),
(137, '1', 'S23 ULTRA (12GB/256GB)', '125000', '', 0, 0, '2023-03-27', '2023-03-27 14:50:22'),
(138, '1', 'S20 FE 5G (8GB/128GB)', '50000', '', 0, 0, '2023-03-27', '2023-03-27 14:58:18'),
(139, '1', 'A33 5G (8GB/128GB)', '27500', '', 0, 0, '2023-03-27', '2023-03-27 15:11:11'),
(140, '1', 'A14 5G (4GB/64GB)', '16000', '', 0, 0, '2023-03-27', '2023-03-27 15:20:56'),
(141, '1', 'F23 5G (6GB/128GB)', '18500', '', 0, 0, '2023-03-27', '2023-03-27 15:39:54'),
(142, '1', 'A13 (6GB/128GB)', '17500', '', 0, 0, '2023-03-27', '2023-03-27 15:56:06'),
(143, '1', 'A04 (4GB/128GB)', '14500', '', 0, 0, '2023-03-27', '2023-03-27 16:11:52'),
(144, '1', 'A04E (3GB/64GB)', '10000', '', 0, 0, '2023-03-27', '2023-03-27 16:15:34'),
(145, '2', 'RENO 8T 5G (8GB/128GB)', '32000', '', 0, 0, '2023-03-28', '2023-03-28 15:20:30'),
(146, '2', 'RENO 7 PRO  5G (12GB/256GB)', '38000', '', 0, 0, '2023-03-28', '2023-03-28 15:22:21'),
(147, '2', 'RENO 6 5G (8GB/128GB)', '32000', '', 0, 0, '2023-03-28', '2023-03-28 15:22:49'),
(148, '2', 'RENO 3 (8GB/256GB)', '28000', '', 0, 0, '2023-03-28', '2023-03-28 15:23:28'),
(149, '2', 'F21s PRO 5G (8GB/128GB)', '28000', '', 0, 0, '2023-03-28', '2023-03-28 15:24:24'),
(150, '2', 'F21s (8GB/128GB)', '25000', '', 0, 0, '2023-03-28', '2023-03-28 15:25:11'),
(151, '2', 'F19 PRO + 5G (8GB/128GB)', '26000', '', 0, 0, '2023-03-28', '2023-03-28 15:26:38'),
(152, '2', 'F19s (6GB/128GB)', '21000', '', 0, 0, '2023-03-28', '2023-03-28 15:27:07'),
(153, '2', 'F19 (6GB/128GB)', '18000', '', 0, 0, '2023-03-28', '2023-03-28 15:28:05'),
(154, '2', 'F19 PRO+ (8GB/128GB)', '22000', '', 0, 0, '2023-03-28', '2023-03-28 15:28:53'),
(155, '2', 'F21 (8GB/128GB)', '22000', '', 0, 0, '2023-03-28', '2023-03-28 15:29:25'),
(156, '2', 'A78 5G (8GB/128GB)', '21000', '', 0, 0, '2023-03-28', '2023-03-28 15:30:10'),
(157, '2', 'A77s (8GB/128GB)', '20000', '', 0, 0, '2023-03-28', '2023-03-28 15:30:39'),
(158, '2', 'A77 (4GB/128GB)', '18000', '', 0, 0, '2023-03-28', '2023-03-28 15:31:02'),
(159, '2', 'A57 (4GB/64GB)', '16000', '', 0, 0, '2023-03-28', '2023-03-28 15:31:41'),
(160, '2', 'A17 (4GB/64GB)', '14500', '', 0, 0, '2023-03-28', '2023-03-28 15:32:13'),
(161, '2', 'A17k (3GB/64GB)', '11500', '', 0, 0, '2023-03-28', '2023-03-28 15:32:36'),
(162, '2', 'A16e (4GB/64GB)', '12000', '', 0, 0, '2023-03-28', '2023-03-28 15:33:02'),
(163, '2', 'A55 (4GB/128GB)', '16000', '', 0, 0, '2023-03-28', '2023-03-28 15:33:23'),
(164, '2', 'A55 (6GB/128GB)', '17000', '', 0, 0, '2023-03-28', '2023-03-28 15:33:51'),
(165, '2', 'A55 (4GB/64GB)', '13500', '', 0, 0, '2023-03-28', '2023-03-28 15:34:16'),
(166, '2', 'A96 (8GB/128GB)', '20000', '', 0, 0, '2023-03-28', '2023-03-28 15:34:43'),
(167, '2', 'A76 (6GB/128GB)', '18000', '', 0, 0, '2023-03-28', '2023-03-28 15:35:09'),
(168, '2', 'A16k (4GB/64GB)', '12000', '', 0, 0, '2023-03-28', '2023-03-28 15:35:47'),
(169, '2', 'A16k (3GB/32GB)', '11000', '', 0, 0, '2023-03-28', '2023-03-28 15:36:59'),
(170, '2', 'K10 (6GB/128GB)', '17500', '', 0, 0, '2023-03-28', '2023-03-28 15:37:47'),
(171, '2', 'A16e (4GB/64GB)', '15000', '', 0, 0, '2023-03-28', '2023-03-28 15:38:24'),
(172, '2', 'F19 PRO  (8GB/128GB)', '20000', '', 0, 0, '2023-03-29', '2023-03-29 11:52:38'),
(173, '2', 'A16 (4GB/64GB)', '14000', '', 0, 0, '2023-03-29', '2023-03-29 11:58:25'),
(174, '2', 'A15 (3GB/32GB)', '11000', '', 0, 0, '2023-03-29', '2023-03-29 12:17:29'),
(175, '2', 'A15s (4GB/64GB)', '13000', '', 0, 0, '2023-03-29', '2023-03-29 12:20:15'),
(176, '2', 'F17 (6GB/128GB)', '17000', '', 0, 0, '2023-03-29', '2023-03-29 12:33:46'),
(177, '2', 'RENO 3 PRO  (8GB/256GB)', '27000', '', 0, 0, '2023-03-29', '2023-03-29 12:37:02'),
(178, '2', 'A83 (3GB/32GB)', '8500', '', 0, 0, '2023-03-29', '2023-03-29 13:06:59'),
(179, '2', 'F1s (3GB/64GB)', '9500', '', 0, 0, '2023-03-29', '2023-03-29 13:07:59'),
(180, '2', 'F1s (4GB/32GB)', '8000', '', 0, 0, '2023-03-29', '2023-03-29 13:23:22'),
(181, '2', 'A54 (4GB/64GB)', '12500', '', 0, 0, '2023-03-29', '2023-03-29 13:25:50'),
(182, '1', 'A52 (8GB/128GB)', '29000', '', 0, 0, '2023-03-29', '2023-03-29 13:45:11'),
(183, '2', 'A15 (2GB/32GB)', '8000', '', 0, 0, '2023-03-29', '2023-03-29 15:49:08'),
(184, '1', 'NOTE 10 LITE (6GB/128GB)', '36000', '', 0, 0, '2023-03-30', '2023-03-30 11:14:30'),
(185, '1', 'NOTE 20 (8GB/256GB)', '85000', '', 0, 0, '2023-03-30', '2023-03-30 11:21:44'),
(186, '1', 'A32 (6GB/128GB)', '20000', '', 0, 0, '2023-03-30', '2023-03-30 11:39:08'),
(187, '1', 'TAB A7 (3GB/32GB)', '22000', '', 0, 0, '2023-03-30', '2023-03-30 11:50:24'),
(188, '1', 'F62 (6GB/128GB)', '22000', '', 0, 0, '2023-03-30', '2023-03-30 11:58:56'),
(189, '8', 'SMART 6 PLUS (3GB/64GB)', '10000', '', 0, 0, '2023-03-31', '2023-03-31 11:51:32'),
(190, '8', 'SMART 6 (3GB/64GB)', '9000', '', 0, 0, '2023-03-31', '2023-03-31 11:52:58'),
(191, '8', 'HOT 12 PRO (8GB/128GB)', '16000', '', 0, 0, '2023-03-31', '2023-03-31 11:53:53'),
(192, '8', 'SMART 6 (2GB/32GB)', '8000', '', 0, 0, '2023-03-31', '2023-03-31 11:57:37'),
(193, '8', 'SMART 6 (2GB/64GB)', '9000', '', 0, 0, '2023-03-31', '2023-03-31 12:09:15'),
(194, '7', 'SPARK 9T (4GB/64GB)', '12000', '', 0, 0, '2023-03-31', '2023-03-31 12:21:57'),
(195, '7', 'SPARK 8 (4GB/64GB)', '10000', '', 0, 0, '2023-03-31', '2023-03-31 12:24:13'),
(196, '7', 'SPARK 9 (6GB/128GB)', '13500', '', 0, 0, '2023-03-31', '2023-03-31 12:25:17'),
(197, '7', 'POVA Neo (6GB/128GB)', '15000', '', 0, 0, '2023-03-31', '2023-03-31 12:39:21'),
(198, '7', 'POVA 2 (4GB/64GB)', '12000', '', 0, 0, '2023-03-31', '2023-03-31 12:46:49'),
(199, '7', 'POP 6PRO (2GB/32GB)', '8500', '', 0, 0, '2023-03-31', '2023-03-31 12:50:54'),
(200, '7', 'POP 5PRO (3GB/32GB)', '10500', '', 0, 0, '2023-03-31', '2023-03-31 12:52:53'),
(201, '7', 'POP 5(2GB/32GB)', '8000', '', 0, 0, '2023-03-31', '2023-03-31 12:53:56'),
(202, '10', 'M2 PRO (6GB/128GB)', '17000', '', 0, 0, '2023-03-31', '2023-03-31 16:09:15'),
(203, '10', 'M2 PRO (4GB/64GB)', '15000', '', 0, 0, '2023-03-31', '2023-03-31 16:11:06'),
(204, '10', 'M3 PRO 5G (6GB/128GB)', '16000', '', 0, 0, '2023-03-31', '2023-03-31 16:12:12'),
(205, '10', 'M3 PRO 5G (4GB/64GB)', '14000', '', 0, 0, '2023-03-31', '2023-03-31 16:40:23'),
(206, '10', 'C31 (3GB/32GB)', '11000', '', 0, 0, '2023-03-31', '2023-03-31 16:47:26'),
(207, '10', 'C31 (4GB/64GB)', '12000', '', 0, 0, '2023-03-31', '2023-03-31 16:50:40'),
(208, '10', 'C3 (4GB/64GB)', '10000', '', 0, 0, '2023-03-31', '2023-03-31 16:55:57'),
(209, '10', 'M3 (4GB/64GB)', '14000', '', 0, 0, '2023-03-31', '2023-03-31 16:59:41'),
(210, '10', 'C50 (2GB/32GB)', '8000', '', 0, 0, '2023-03-31', '2023-03-31 17:03:00'),
(211, '11', 'Z6 (4GB/128GB)', '17000', '', 0, 0, '2023-03-31', '2023-03-31 17:06:39'),
(212, '12', 'MOTO e32s (3GB/32GB)', '10000', '', 0, 0, '2023-03-31', '2023-03-31 17:11:03'),
(213, '12', 'MOTO e7 (4GB/64GB)', '12000', '', 0, 0, '2023-03-31', '2023-03-31 17:12:20'),
(214, '12', 'MOTO e13 (2GB/64GB)', '10000', '', 0, 0, '2023-03-31', '2023-03-31 17:13:17'),
(215, '6', 'IPHONE 12 (128GB)', '45000', '', 0, 0, '2023-03-31', '2023-03-31 17:23:27'),
(216, '9', 'NORD CE2 Lite 5G (6GB/128GB)', '22000', '', 0, 0, '2023-03-31', '2023-03-31 17:40:50'),
(217, '4', '10 PRO +  5G(8GB/128GB)', '26500', '', 0, 0, '2023-04-05', '2023-04-05 15:10:06'),
(218, '6', 'IPHONE 14 (128GB)', '70000', '', 0, 0, '2023-04-05', '2023-04-05 15:43:55'),
(219, '9', 'NORD 2T (8GB/128GB)', '35000', '', 0, 0, '2023-04-05', '2023-04-05 15:50:12'),
(220, '3', 'Y02 (3GB/32GB)', '9000', '', 0, 0, '2023-04-09', '2023-04-09 12:06:48'),
(221, '1', 'F13 (4GB/64GB)', '12000', '', 0, 0, '2023-04-11', '2023-04-11 14:53:42'),
(222, '1', 'F04(4GB/64GB)', '10500', '', 0, 0, '2023-04-11', '2023-04-11 14:54:23'),
(223, '10', 'C50(3GB/32GB)', '7000', '', 0, 0, '2023-04-16', '2023-04-16 13:04:01'),
(224, '1', 'Galaxy S24 FE (8GB/256GB)', '59750', '', 0, 2, '2024-10-16', '2024-10-16 11:32:14'),
(225, '1', 'Galaxy S24 FE 5G AI (8GB/256GB)', '59750', '', 0, 0, '2024-10-16', '2024-10-16 11:59:47'),
(226, '1', 'Galaxy Fold 6 (12GB/256GB)', '129999', '', 0, 0, '2024-10-16', '2024-10-16 12:35:49'),
(227, '1', 'Fold 6 (12GB/ 512GB)', '159999', '', 0, 0, '2024-10-16', '2024-10-16 14:29:14'),
(228, '1', 'S25', '60000', '', 0, 2, '2025-02-28', '2025-02-28 16:03:11');

-- --------------------------------------------------------

--
-- Table structure for table `tblpurchase`
--

CREATE TABLE `tblpurchase` (
  `id` bigint(20) UNSIGNED NOT NULL,
  `CStore` text DEFAULT NULL,
  `selectDate` text DEFAULT NULL,
  `BillNo` text DEFAULT NULL,
  `orderno` text DEFAULT NULL,
  `Dealer` text DEFAULT NULL,
  `Category` text DEFAULT NULL,
  `Product` text DEFAULT NULL,
  `Colour` text DEFAULT NULL,
  `IMEI` text DEFAULT NULL,
  `Qty` text DEFAULT NULL,
  `price` text DEFAULT NULL,
  `tax` text DEFAULT NULL,
  `total` text DEFAULT NULL,
  `Status` int(11) NOT NULL DEFAULT 0,
  `FinancialYear` text DEFAULT NULL,
  `AddedDate` text DEFAULT NULL,
  `CreatedDate` text DEFAULT NULL
) ENGINE=InnoDB DEFAULT CHARSET=latin1 COLLATE=latin1_swedish_ci;

--
-- Dumping data for table `tblpurchase`
--

INSERT INTO `tblpurchase` (`id`, `CStore`, `selectDate`, `BillNo`, `orderno`, `Dealer`, `Category`, `Product`, `Colour`, `IMEI`, `Qty`, `price`, `tax`, `total`, `Status`, `FinancialYear`, `AddedDate`, `CreatedDate`) VALUES
(1, '1', '2023-03-26', '1', 'TS-2022-2023/1', '1', '3$$3$$3$$3$$3$$3$$3$$3$$3$$3', '26$$26$$26$$26$$26$$26$$26$$26$$26$$26', 'GREEN$$GREEN$$GREEN$$GREEN$$GREEN$$GREEN$$GREEN $$GREEN $$GREEN $$GREEN ', '6935117856957$$6935117856957$$863340069229132$$863340069220404$$863340069228308$$6935117856957$$863340066569118$$867095061206811$$863340066569456$$866382062003038', '1$$1$$1$$1$$1$$1$$1$$1$$1$$1', '15500$$15500$$15500$$15500$$15500$$15500$$15500$$15500$$15500$$15500', '18$$18$$18$$18$$18$$18$$18$$18$$18$$18', '15500$$15500$$15500$$15500$$15500$$15500$$15500$$15500$$15500$$15500', 0, '2022', '2023-03-26', '2023-03-26 13:53:29'),
(2, '1', '2023-03-26', '2', 'TS-2022-2023/2', '1', '3', '25', 'GREEN', '863340066569456', '1', '14500', '18', '14500', 0, '2022', '2023-03-26', '2023-03-26 13:55:32'),
(3, '1', '2023-03-26', '3', 'TS-2022-2023/3', '1', '3$$3$$3$$3$$3$$3$$3$$3$$3$$3$$3$$3$$3$$3$$3$$3', '22$$22$$22$$22$$22$$22$$22$$22$$22$$22$$22$$22$$22$$22$$22$$22', 'GOLD$$GOLD$$BLACK$$BLACK$$BLACK $$GLOD$$GOLD$$GOLD$$BLACK$$BLACK$$GREEN$$GOLD$$GOLD$$GOLD$$GOLD$$BLACK', '862682064158555$$869130064656437$$862207065303313$$862207065304634$$862207065303073$$6935117855141$$862207066708577$$862207065304899$$862207066701150$$862207065304030$$869842067223318$$867897066855058$$867897066569105$$862682064158357$$867897066568594$$869130063042795', '1$$1$$1$$1$$1$$1$$1$$1$$1$$1$$1$$1$$1$$1$$1$$1', '11500$$11500$$11500$$11500$$11500$$11500$$11500$$11500$$11500$$11500$$11500$$11500$$11500$$11500$$11500$$11500', '18$$18$$18$$18$$18$$18$$18$$18$$18$$18$$18$$18$$18$$18$$18$$18', '11500$$11500$$11500$$11500$$11500$$11500$$11500$$11500$$11500$$11500$$11500$$11500$$11500$$11500$$11500$$11500', 0, '2022', '2023-03-26', '2023-03-26 14:26:05'),
(4, '1', '2023-03-26', '4', 'TS-2022-2023/4', '1', '3$$3$$3$$3$$3$$3', '21$$21$$21$$21$$21$$21', 'BLACK$$BLACK$$BLACK$$BLACK$$GOLD$$BLACK', '869017069353450$$869017069353732$$869017069355174$$869017069352999$$869017060687153$$869017069347130', '1$$1$$1$$1$$1$$1', '10500$$10500$$10500$$10500$$10500$$10500', '18$$18$$18$$18$$18$$18', '10500$$10500$$10500$$10500$$10500$$10500', 0, '2022', '2023-03-26', '2023-03-26 14:54:48'),
(5, '1', '2023-03-26', '5', 'TS-2022-2023/5', '1', '3$$3$$3$$3$$3$$3$$3$$3$$3$$3$$3$$3$$3$$3', '2$$2$$2$$2$$2$$2$$2$$1$$2$$2$$2$$2$$2$$2', 'GOLD$$BLACK$$BLACK$$GOLD$$GOLD$$BLACK$$BLACK$$GOLD$$BLACK$$BLACK$$GOLD$$GOLD$$BLACK$$GOLD', '866642067921496$$866642066742232$$866642066772619$$866642069086470$$866642069085837$$866642066721491$$866642066726557$$866642064944855$$866642066725195$$867681060508313$$866642067922791$$866642064959416$$867681060352852$$867681060883161', '1$$1$$1$$1$$1$$1$$1$$1$$1$$1$$1$$1$$1$$1', '17500$$17500$$17500$$17500$$17500$$17500$$17500$$17500$$17500$$17500$$17500$$17500$$17500$$17500', '18$$18$$18$$18$$18$$18$$18$$18$$18$$18$$18$$18$$18$$18', '17500$$17500$$17500$$17500$$17500$$17500$$17500$$17500$$17500$$17500$$17500$$17500$$17500$$17500', 0, '2022', '2023-03-26', '2023-03-26 15:07:38'),
(6, '1', '2023-03-26', '6', 'TS-2022-2023/6', '1', '3$$3$$3$$3$$3$$3$$3$$3$$3', '1$$1$$1$$1$$1$$1$$1$$1$$1', 'BLACK$$BULE$$GOLD$$GOLD$$BLACK$$GOLD$$GOLD$$BLACK$$GOLD', '869296066079470$$869296064432390$$869296065692711$$869296069685802$$869296066079744$$869296063814812$$869296063813418$$869296063676161$$869296063813392', '1$$1$$1$$1$$1$$1$$1$$1$$1', '24000$$24000$$24000$$24000$$24000$$24000$$24000$$24000$$24000', '18$$18$$18$$18$$18$$18$$18$$18$$18', '24000$$24000$$24000$$24000$$24000$$24000$$24000$$24000$$24000', 0, '2022', '2023-03-26', '2023-03-26 15:13:53'),
(7, '1', '2023-03-26', '7', 'TS-2022-2023/7', '1', '3$$3$$3$$3', '44$$44$$44$$44', 'BLACK$$BLACK$$BLACK$$ORANGE', '861531061224236$$861531063590055$$861531063585733$$861531061453470', '1$$1$$1$$1', '19000$$19000$$19000$$19000', '18$$18$$18$$18', '19000$$19000$$19000$$19000', 0, '2022', '2023-03-26', '2023-03-26 15:23:05'),
(8, '1', '2023-03-26', '8', 'TS-2022-2023/8', '1', '3', '32', 'GALAXY', '866323058246512', '1', '21000', '18', '21000', 0, '2022', '2023-03-26', '2023-03-26 15:27:18'),
(9, '1', '2023-03-26', '9', 'TS-2022-2023/9', '1', '3$$3', '31$$31', 'WAVES$$WAVES', '865700053969373$$865700055989718', '1$$1', '19000$$19000', '18$$18', '19000$$19000', 0, '2022', '2023-03-26', '2023-03-26 15:28:33'),
(10, '1', '2023-03-26', '10', 'TS-2022-2023/10', '1', '3$$3', '46$$46', 'DAIMOND$$DAIMOND ', '868188058077110$$869175059019497', '1$$1', '19000$$19000', '18$$18', '19000$$19000', 0, '2022', '2023-03-26', '2023-03-26 15:30:59'),
(11, '1', '2023-03-26', '11', 'TS-2022-2023/11', '1', '3$$3', '35$$35', 'GOLD$$GOLD', '866741056611553$$866741059073694', '1$$1', '29000$$29000', '18$$18', '29000$$29000', 0, '2022', '2023-03-26', '2023-03-26 15:34:02'),
(12, '1', '2023-03-26', '12', 'TS-2022-2023/12', '1', '3', '33', 'BLUE', '869599059164674', '1', '24000', '18', '24000', 0, '2022', '2023-03-26', '2023-03-26 15:34:41'),
(13, '1', '2023-03-26', '13', 'TS-2022-2023/13', '1', '3$$3$$3$$3', '36$$36$$36$$36', 'BLACK$$BLUE$$BLUE$$BALCK ', '863067068578157$$863067069961097$$863067069959570$$863067068577712', '1$$1$$1$$1', '32000$$32000$$32000$$32000', '18$$18$$18$$18', '32000$$32000$$32000$$32000', 0, '2022', '2023-03-26', '2023-03-26 15:37:20'),
(14, '1', '2023-03-26', '14', 'TS-2022-2023/14', '1', '3$$3', '38$$38', 'BLUE$$BLUE', '866670067517147$$866670067523574', '1$$1', '37000$$37000', '18$$18', '37000$$37000', 2, '2022', '2023-03-26', '2023-03-26 15:39:40'),
(15, '1', '2023-03-26', '15', 'TS-2022-2023/15', '1', '3$$3', '47$$47', 'BLUE$$BLUE', '864931066770679$$867261065845950', '1$$1', '31000$$31000', '18$$18', '31000$$31000', 0, '2022', '2023-03-26', '2023-03-26 15:40:51'),
(16, '1', '2023-03-26', '16', 'TS-2022-2023/16', '1', '3$$3$$3$$3$$3$$3$$3', '34$$34$$34$$34$$34$$34$$34', 'BLACK $$BLUE$$BLACK$$BLUE$$BLUE$$BLUE$$BLUE', '864931065924855$$864931063529771$$867261060677135$$864931063530852$$867261060954971$$864931063530316$$864931063529201', '1$$1$$1$$1$$1$$1$$1', '27000$$27000$$27000$$27000$$27000$$27000$$27000', '18$$18$$18$$18$$18$$18$$18', '27000$$27000$$27000$$27000$$27000$$27000$$27000', 0, '2022', '2023-03-26', '2023-03-26 15:45:58'),
(17, '1', '2023-03-26', '17', 'TS-2022-2023/17', '1', '3', '20', 'BLACK', '869554064888536', '1', '9000', '18', '9000', 0, '2022', '2023-03-26', '2023-03-26 15:47:13'),
(18, '1', '2023-03-26', '18', 'TS-2022-2023/18', '1', '3', '18', 'GOLD', '868236069485770', '1', '7000', '18', '7000', 0, '2022', '2023-03-26', '2023-03-26 15:47:52'),
(19, '1', '2023-03-26', '19', 'TS-2022-2023/19', '1', '3', '42', 'BLUE', '863935055720232', '1', '24000', '18', '24000', 0, '2022', '2023-03-26', '2023-03-26 15:48:54'),
(20, '1', '2023-03-26', '20', 'TS-2022-2023/20', '1', '3', '41', 'GOLD', '867718058946996', '1', '38000', '18', '38000', 0, '2022', '2023-03-26', '2023-03-26 15:49:38'),
(21, '1', '2023-03-26', '21', 'TS-2022-2023/21', '1', '3', '28', 'SKY', '866094061310377', '1', '17000', '18', '17000', 0, '2022', '2023-03-26', '2023-03-26 15:50:59'),
(22, '1', '2023-03-26', '22', 'TS-2022-2023/22', '1', '3$$3', '27$$27', 'SKY$$BLACK', '862268068632736$$865225061632474', '1$$1', '13500$$13500', '18$$18', '13500$$13500', 0, '2022', '2023-03-26', '2023-03-26 15:51:58'),
(23, '1', '2023-03-26', '23', 'TS-2022-2023/23', '1', '3$$3', '29$$29', 'DAIMOND $$BLACK', '865155064956952$$865225061632474', '1$$1', '13500$$13500', '18$$18', '13500$$13500', 0, '2022', '2023-03-26', '2023-03-26 15:53:11'),
(24, '1', '2023-03-26', '24', 'TS-2022-2023/24', '1', '3$$3', '30$$30', 'BLUE$$BLUE', '865225064460998$$865155069076491', '1$$1', '14000$$14000', '18$$18', '14000$$14000', 0, '2022', '2023-03-26', '2023-03-26 15:54:24'),
(25, '1', '2023-03-26', '25', 'TS-2022-2023/25', '1', '3', '24', 'DIAMOND', '866008051151575', '1', '13000', '18', '13000', 0, '2022', '2023-03-26', '2023-03-26 15:55:45'),
(26, '1', '2023-03-26', '26', 'TS-2022-2023/26', '1', '3$$3', '23$$23', 'BLUE$$BLUE', '869669059170755$$862495050966554', '1$$1', '11500$$11500', '18$$18', '11500$$11500', 0, '2022', '2023-03-26', '2023-03-26 15:57:51'),
(27, '1', '2023-03-26', '27', 'TS-2022-2023/27', '1', '3', '43', 'BLACK', '868265059500652', '1', '49000', '18', '49000', 0, '2022', '2023-03-26', '2023-03-26 15:58:35'),
(28, '1', '2023-03-26', '28', 'TS-2022-2023/28', '1', '3$$3$$3$$3$$3$$3$$3', '19$$19$$19$$19$$19$$19$$19', 'BLUE$$BLUE$$BLUE $$BLUE$$BLUE$$BLUE$$BLUE', '862536057942450$$864004060689053$$868872056459954$$864004060696116$$864004060697353$$8640040605211$$868872057028113', '1$$1$$1$$1$$1$$1$$1', '8500$$8500$$8500$$8500$$8500$$8500$$8500', '18$$18$$18$$18$$18$$18$$18', '8500$$8500$$8500$$8500$$8500$$8500$$8500', 0, '2022', '2023-03-26', '2023-03-26 16:11:50'),
(29, '1', '2023-03-26', '29', 'TS-2022-2023/29', '1', '9', '53', 'BLUE', '869388050400596', '1', '34000', '18', '34000', 2, '2022', '2023-03-26', '2023-03-26 16:24:17'),
(30, '1', '2023-03-26', '30', 'TS-2022-2023/30', '1', '9$$9$$9$$9', '48$$48$$48$$48', 'BLUE$$BLACK$$BLACK$$BLACK', '861484060522152$$861484060585258$$861484061799437$$861484060651373', '1$$1$$1$$1', '15000$$15000$$15000$$15000', '18$$18$$18$$18', '15000$$15000$$15000$$15000', 2, '2022', '2023-03-26', '2023-03-26 16:27:47'),
(31, '1', '2023-03-26', '31', 'TS-2022-2023/31', '1', '9', '50', 'GREEN', '866775060427739', '1', '41000', '18', '41000', 2, '2022', '2023-03-26', '2023-03-26 16:29:10'),
(32, '1', '2023-03-26', '32', 'TS-2022-2023/32', '1', '9', '51', 'BLACK', '865780061892775', '1', '41000', '18', '41000', 2, '2022', '2023-03-26', '2023-03-26 16:30:00'),
(33, '1', '2023-03-26', '33', 'TS-2022-2023/33', '1', '9', '55', 'GRAY', '869559069478092', '1', '24000', '18', '24000', 2, '2022', '2023-03-26', '2023-03-26 16:37:52'),
(34, '1', '2023-03-26', '34', 'TS-2022-2023/34', '1', '9', '53', 'SKY', '869388051904059', '1', '41000', '18', '41000', 2, '2022', '2023-03-26', '2023-03-26 16:47:41'),
(35, '1', '2023-03-26', '35', 'TS-2022-2023/35', '1', '9', '52', 'BLACK', '869437050256019', '1', '35000', '18', '35000', 2, '2022', '2023-03-26', '2023-03-26 16:52:01'),
(36, '1', '2023-03-26', '36', 'TS-2022-2023/36', '1', '9$$9', '49$$49', 'BLACK$$EMERALD', '868368052523190$$868368052615657', '1$$1', '65000$$65000', '18$$18', '65000$$65000', 2, '2022', '2023-03-26', '2023-03-26 16:55:21'),
(37, '1', '2023-03-26', '37', 'TS-2022-2023/37', '1', '5$$5$$5$$5$$5$$5$$5$$5$$5$$5$$5$$5$$5$$5$$5$$5$$5', '56$$56$$56$$56$$56$$56$$56$$56$$56$$56$$56$$56$$56$$56$$56$$56$$56', 'BLUE$$BLACK$$BLUE$$BLUE$$BLACK$$ BLACK$$BLUE$$BLUE$$BLUE$$SILVER$$BLUE$$BLUE$$BLUE$$BLUE$$SILVER$$BLUE$$SILVER', '868480045646788$$861506061860957$$868480045646887$$861506061831156$$861506061861757$$861506061115568$$861506061831115$$861506061845594$$868480045652505$$851506061121145$$861506061123521$$861506061122440$$861506061122382$$868480045653289$$861506061134528$$861506061123562$$861506061120600', '1$$1$$1$$1$$1$$1$$1$$1$$1$$1$$1$$1$$1$$1$$1$$1$$1', '11000$$11000$$11000$$11000$$11000$$11000$$11000$$11000$$11000$$11000$$11000$$11000$$11000$$11000$$11000$$11000$$11000', '18$$18$$18$$18$$18$$18$$18$$18$$18$$18$$18$$18$$18$$18$$18$$18$$18', '11000$$11000$$11000$$11000$$11000$$11000$$11000$$11000$$11000$$11000$$11000$$11000$$11000$$11000$$11000$$11000$$11000', 2, '2022', '2023-03-26', '2023-03-26 17:21:27'),
(38, '1', '2023-03-26', '38', 'TS-2022-2023/38', '1', '5$$5$$5$$5$$5$$5', '57$$57$$57$$57$$57$$57', 'BLUE$$GREEN$$BLUE$$GREEN$$BLUE$$BLUE', '861896067262864$$862123061245764$$860882063144000$$862305069374627$$862305069941540$$860882065031247', '1$$1$$1$$1$$1$$1', '8000$$8000$$8000$$8000$$8000$$8000', '18$$18$$18$$18$$18$$18', '8000$$8000$$8000$$8000$$8000$$8000', 2, '2022', '2023-03-26', '2023-03-26 17:28:05'),
(39, '1', '2023-03-26', '39', 'TS-2022-2023/39', '1', '5$$5', '58$$58', 'BLUE$$BLUE', '861461065170633$$86141068822032', '1$$1', '11000$$11000', '18$$18', '11000$$11000', 2, '2022', '2023-03-26', '2023-03-26 17:30:52'),
(40, '1', '2023-03-26', '40', 'TS-2022-2023/40', '1', '5$$5', '59$$59', 'BLACK$$BLUE', '862921042643159$$863118047104870', '1$$1', '17000$$17000', '18$$18', '17000$$17000', 2, '2022', '2023-03-26', '2023-03-26 17:33:41'),
(41, '1', '2023-03-26', '41', 'TS-2022-2023/41', '1', '5', '60', 'BLACK', '868448049143714', '1', '18000', '18', '18000', 2, '2022', '2023-03-26', '2023-03-26 17:35:21'),
(42, '1', '2023-03-26', '42', 'TS-2022-2023/42', '1', '5', '61', 'SILVER', '860825056789216', '1', '15000', '18', '15000', 2, '2022', '2023-03-26', '2023-03-26 17:37:18'),
(43, '1', '2023-03-26', '43', 'TS-2022-2023/43', '1', '5$$5', '62$$62', 'GREEN$$GREEN', '864581052821919$$863190053930157', '1$$1', '14500$$14500', '18$$18', '14500$$14500', 2, '2022', '2023-03-26', '2023-03-26 17:40:18'),
(44, '1', '2023-03-26', '44', 'TS-2022-2023/44', '1', '5', '63', 'SILVER', '868327050279759', '1', '39000', '18', '39000', 2, '2022', '2023-03-26', '2023-03-26 17:42:25'),
(45, '1', '2023-03-26', '45', 'TS-2022-2023/45', '1', '5', '62', 'WHITE', '863190052336356', '1', '14500', '18', '14500', 2, '2022', '2023-03-26', '2023-03-26 17:43:30'),
(46, '1', '2023-03-26', '46', 'TS-2022-2023/46', '1', '5', '64', 'SILVER', '864701050533395', '1', '47000', '18', '47000', 2, '2022', '2023-03-26', '2023-03-26 17:45:42'),
(47, '1', '2023-03-26', '47', 'TS-2022-2023/47', '1', '5', '65', 'BLACK ', '869406051048717', '1', '28000', '18', '28000', 2, '2022', '2023-03-26', '2023-03-26 17:50:14'),
(48, '1', '2023-03-26', '48', 'TS-2022-2023/48', '1', '5', '66', 'BLUE', '867332053725023', '1', '9000', '18', '9000', 2, '2022', '2023-03-26', '2023-03-26 17:50:52'),
(49, '1', '2023-03-26', '49', 'TS-2022-2023/49', '1', '5', '67', 'GREEN ', '866592066168237', '1', '7000', '18', '7000', 2, '2022', '2023-03-26', '2023-03-26 17:51:36'),
(50, '1', '2023-03-27', '50', 'TS-2022-2023/50', '1', '5$$5$$5$$5', '68$$68$$68$$68', 'GLOD$$GOLD$$GOLD$$GOLD', '860617041195322$$860036042255680$$867303034786673$$862519041753829', '1$$1$$1$$1', '8000$$8000$$8000$$8000', '18$$18$$18$$18', '8000$$8000$$8000$$8000', 2, '2022', '2023-03-27', '2023-03-27 10:24:50'),
(51, '1', '2023-03-27', '51', 'TS-2022-2023/51', '1', '4$$4', '69$$69', 'BLUE $$BLUE', '861324065718316$$861324065737753', '1$$1', '14000$$14000', '18$$18', '14000$$14000', 2, '2022', '2023-03-27', '2023-03-27 10:38:41'),
(52, '1', '2023-03-27', '52', 'TS-2022-2023/52', '1', '4', '70', 'BLUE', '864412062802295', '1', '16500', '18', '16500', 2, '2022', '2023-03-27', '2023-03-27 10:41:42'),
(53, '1', '2023-03-27', '53', 'TS-2022-2023/53', '1', '4$$4', '71$$71', 'GREEN$$GREEN', '861542064220915$$864874064385050', '1$$1', '11000$$11000', '18$$18', '11000$$11000', 2, '2022', '2023-03-27', '2023-03-27 10:51:22'),
(54, '1', '2023-03-27', '53', 'TS-2022-2023/53', '1', '4$$4', '71$$71', 'GREEN$$GREEN', '861542064220915$$864874064385050', '1$$1', '11000$$11000', '18$$18', '11000$$11000', 2, '2022', '2023-03-27', '2023-03-27 10:51:32'),
(55, '1', '2023-03-27', '54', 'TS-2022-2023/54', '1', '4$$4', '72$$72', 'BLUE$$BLUE', '868176052011458$$868176052009858', '1$$1', '8000$$8000', '18$$18', '8000$$8000', 2, '2022', '2023-03-27', '2023-03-27 11:03:20'),
(56, '1', '2023-03-27', '55', 'TS-2022-2023/55', '1', '4', '71', 'GREEN', '863802061885690', '1', '11000', '18', '11000', 2, '2022', '2023-03-27', '2023-03-27 11:05:26'),
(57, '1', '2023-03-27', '56', 'TS-2022-2023/56', '1', '4', '73', 'BLACK', '863802065758133', '1', '12000', '18', '12000', 2, '2022', '2023-03-27', '2023-03-27 11:11:19'),
(58, '1', '2023-03-27', '57', 'TS-2022-2023/57', '1', '4', '75', 'BLUE', '862448053415657', '1', '17000', '18', '17000', 2, '2022', '2023-03-27', '2023-03-27 11:23:30'),
(59, '1', '2023-03-27', '58', 'TS-2022-2023/58', '1', '4', '76', 'BLUE', '860920058375138', '1', '9000', '18', '9000', 2, '2022', '2023-03-27', '2023-03-27 11:27:53'),
(60, '1', '2023-03-27', '59', 'TS-2022-2023/59', '1', '4', '77', 'BLACK', '863519059629316', '1', '17000', '18', '17000', 2, '2022', '2023-03-27', '2023-03-27 11:34:47'),
(61, '1', '2023-03-27', '60', 'TS-2022-2023/60', '1', '4$$4', '74$$74', 'SILVER$$SILVER', '862839055561110$$862839054714330', '1$$1', '12000$$12000', '18$$18', '12000$$12000', 2, '2022', '2023-03-27', '2023-03-27 11:41:39'),
(62, '1', '2023-03-27', '61', 'TS-2022-2023/61', '1', '4', '79', 'GREY', '867777053390774', '1', '12000', '18', '12000', 2, '2022', '2023-03-27', '2023-03-27 11:45:59'),
(63, '1', '2023-03-27', '62', 'TS-2022-2023/62', '1', '4', '80', 'GREEN', '869460059768156', '1', '8000', '18', '8000', 2, '2022', '2023-03-27', '2023-03-27 11:51:03'),
(64, '1', '2023-03-27', '63', 'TS-2022-2023/63', '1', '4', '81', 'GREEN', '860609062705113', '1', '10000', '18', '10000', 2, '2022', '2023-03-27', '2023-03-27 11:54:06'),
(65, '1', '2023-03-27', '64', 'TS-2022-2023/64', '1', '4', '82', 'GREEN', '863896052798755', '1', '8500', '18', '8500', 2, '2022', '2023-03-27', '2023-03-27 11:56:44'),
(66, '1', '2023-03-27', '65', 'TS-2022-2023/65', '1', '5', '83', 'RED', '867482045271659', '1', '19000', '18', '19000', 2, '2022', '2023-03-27', '2023-03-27 12:02:17'),
(67, '1', '2023-03-27', '66', 'TS-2022-2023/66', '1', '4', '80', 'BLACK', '866805058278859', '1', '8500', '18', '8500', 2, '2022', '2023-03-27', '2023-03-27 12:13:00'),
(68, '1', '2023-03-27', '67', 'TS-2022-2023/67', '1', '4', '82', 'GREEN', '863896053176498', '1', '10000', '18', '10000', 2, '2022', '2023-03-27', '2023-03-27 12:15:59'),
(69, '1', '2023-03-27', '68', 'TS-2022-2023/68', '1', '4', '84', 'GREY', '867095056957493', '1', '13000', '18', '13000', 2, '2022', '2023-03-27', '2023-03-27 12:27:42'),
(70, '1', '2023-03-27', '69', 'TS-2022-2023/69', '1', '4', '79', 'GREY', '867777054420752', '1', '12000', '18', '12000', 2, '2022', '2023-03-27', '2023-03-27 12:29:41'),
(71, '1', '2023-03-27', '70', 'TS-2022-2023/70', '6', '5', '57', 'LIGHT GREEN', '862123064184143', '1', '7000', '18', '7000', 0, '2022', '2023-03-27', '2023-03-27 12:42:14'),
(72, '1', '2023-03-27', '71', 'TS-2022-2023/71', '3', '1', '112', 'BEIGE', '350181337839819', '1', '155000', '18', '155000', 0, '2022', '2023-03-27', '2023-03-27 14:36:36'),
(73, '1', '2023-03-27', '72', 'TS-2022-2023/72', '3', '1', '109', 'BURGUNDY', '355476621243347', '1', '109000', '18', '109000', 0, '2022', '2023-03-27', '2023-03-27 14:37:35'),
(74, '1', '2023-03-27', '73', 'TS-2022-2023/73', '3', '1', '110', 'BORA PURPLE', '352849390155012', '1', '89000', '18', '89000', 0, '2022', '2023-03-27', '2023-03-27 14:38:16'),
(75, '1', '2023-03-27', '74', 'TS-2022-2023/74', '3', '1', '111', 'LAVENDER', '352334255288505', '1', '85000', '18', '85000', 0, '2022', '2023-03-27', '2023-03-27 14:39:29'),
(76, '1', '2023-03-27', '75', 'TS-2022-2023/75', '3', '1$$1', '135$$135', 'CREAM$$CREAM ', '352493645129546$$352493645176570', '1$$1', '89000$$89000', '18$$18', '89000$$89000', 0, '2022', '2023-03-27', '2023-03-27 14:41:58'),
(77, '1', '2023-03-27', '76', 'TS-2022-2023/76', '3', '1', '108', 'GREEN', '355066967977564', '1', '75000', '18', '75000', 0, '2022', '2023-03-27', '2023-03-27 14:43:12'),
(78, '1', '2023-03-27', '77', 'TS-2022-2023/77', '3', '1', '136', 'GREEN ', '359851990202379', '1', '78000', '18', '78000', 0, '2022', '2023-03-27', '2023-03-27 14:49:23'),
(79, '1', '2023-03-27', '78', 'TS-2022-2023/78', '3', '1$$1', '137$$137', 'CREAM$$CREAM ', '353835881146734$$353835880927530', '1$$1', '125000$$125000', '18$$18', '125000$$125000', 0, '2022', '2023-03-27', '2023-03-27 14:52:22'),
(80, '1', '2023-03-27', '79', 'TS-2022-2023/79', '3', '1$$1$$1', '107$$107$$107', 'BLUE$$MINT$$MINT', '358818744704175$$358818744439251$$358818744775373', '1$$1$$1', '45000$$45000$$45000', '18$$18$$18', '45000$$45000$$45000', 0, '2022', '2023-03-27', '2023-03-27 14:57:46'),
(81, '1', '2023-03-27', '80', 'TS-2022-2023/80', '3', '1', '138', 'LOUD NAVY', '352659951137667', '1', '50000', '18', '50000', 0, '2022', '2023-03-27', '2023-03-27 14:59:55'),
(82, '1', '2023-03-27', '81', 'TS-2022-2023/81', '3', '1$$1', '105$$105', 'MINT $$MINT ', '355082592998479$$350213190370275', '1$$1', '45000$$45000', '18$$18', '45000$$45000', 0, '2022', '2023-03-27', '2023-03-27 15:01:19'),
(83, '1', '2023-03-27', '82', 'TS-2022-2023/82', '3', '1', '104', 'GARY ', '350472540655922', '1', '42000', '18', '42000', 0, '2022', '2023-03-27', '2023-03-27 15:02:16'),
(84, '1', '2023-03-27', '83', 'TS-2022-2023/83', '3', '1$$1$$1$$1', '103$$103$$103$$103', 'BLUE$$BLUE$$BLUE$$BLACK', '350331804940125$$353881487175289$$350331804940125$$353881489896627', '1$$1$$1$$1', '32000$$32000$$32000$$32000', '18$$18$$18$$18', '32000$$32000$$32000$$32000', 0, '2022', '2023-03-27', '2023-03-27 15:05:08'),
(85, '1', '2023-03-27', '84', 'TS-2022-2023/84', '3', '1', '130', 'BLUE', '356908780667600', '1', '37500', '18', '37500', 0, '2022', '2023-03-27', '2023-03-27 15:06:14'),
(86, '1', '2023-03-27', '85', 'TS-2022-2023/85', '3', '1$$1$$1', '102$$102$$102', 'BLACK$$BLACK$$BLUE', '350995415888277$$350995415578183$$350995415264370', '1$$1$$1', '26000$$26000$$26000', '18$$18$$18', '26000$$26000$$26000', 0, '2022', '2023-03-27', '2023-03-27 15:09:39'),
(87, '1', '2023-03-27', '86', 'TS-2022-2023/86', '3', '1$$1$$1$$1', '139$$139$$139$$139', 'BLACK $$PEACH$$PEACH$$BLUE', '350597021177093$$350597020389327$$350597021103735$$350597020453990', '1$$1$$1$$1', '27500$$27500$$27500$$27500', '18$$18$$18$$18', '27500$$27500$$27500$$27500', 0, '2022', '2023-03-27', '2023-03-27 15:14:16'),
(88, '1', '2023-03-27', '87', 'TS-2022-2023/87', '3', '1', '131', 'GREEN ', '356163212635391', '1', '19000', '18', '19000', 0, '2022', '2023-03-27', '2023-03-27 15:17:10'),
(89, '1', '2023-03-27', '88', 'TS-2022-2023/88', '3', '1$$1$$1', '132$$132$$139', 'DARK RED $$BLACK$$BLACK', '354198340851942$$354198340728728$$354198340734585', '1$$1$$1', '21000$$21000$$21000', '18$$18$$18', '21000$$21000$$21000', 0, '2022', '2023-03-27', '2023-03-27 15:20:05'),
(90, '1', '2023-03-27', '89', 'TS-2022-2023/89', '3', '1$$1', '140$$140', 'DARK RED$$GREEN ', '350031471240755$$350031470655268', '1$$1', '16000$$16000', '18$$18', '16000$$16000', 0, '2022', '2023-03-27', '2023-03-27 15:22:51'),
(91, '1', '2023-03-27', '90', 'TS-2022-2023/90', '3', '1', '101', 'ORANGE ', '353140540746531', '1', '23000', '18', '23000', 0, '2022', '2023-03-27', '2023-03-27 15:23:59'),
(92, '1', '2023-03-27', '91', 'TS-2022-2023/91', '3', '1', '100', 'BLACK', '350894213711064', '1', '22000', '18', '22000', 0, '2022', '2023-03-27', '2023-03-27 15:27:49'),
(93, '1', '2023-03-27', '92', 'TS-2022-2023/92', '3', '1', '99', 'BLACK', '350790530554841', '1', '21000', '18', '21000', 0, '2022', '2023-03-27', '2023-03-27 15:29:13'),
(94, '1', '2023-03-27', '93', 'TS-2022-2023/93', '3', '1$$1', '128$$128', 'GRAY$$GRAY', '358871701809867$$358871700170501', '1$$1', '22000$$22000', '18$$18', '22000$$22000', 0, '2022', '2023-03-27', '2023-03-27 15:31:33'),
(95, '1', '2023-03-27', '94', 'TS-2022-2023/94', '3', '1$$1', '124$$124', 'VIOLET $$GRAY', '358136640377669$$358136642001754', '1$$1', '20000$$20000', '18$$18', '20000$$20000', 0, '2022', '2023-03-27', '2023-03-27 15:34:08'),
(96, '1', '2023-03-27', '95', 'TS-2022-2023/95', '3', '1$$1$$1', '141$$141$$141', 'GREEN$$BLUE$$BLUE', '351940694094105$$351940694085434$$351940694070444', '1$$1$$1', '18500$$18500$$18500', '18$$18$$18', '18500$$18500$$18500', 0, '2022', '2023-03-27', '2023-03-27 15:42:27'),
(97, '1', '2023-03-27', '96', 'TS-2022-2023/96', '3', '1$$1$$1', '101$$101$$101', 'BLUE$$PEACH$$GREY', '354650135652299$$354650135976201$$354650135311862', '1$$1$$1', '18500$$18500$$18500', '18$$18$$180', '18500$$18500$$18500', 0, '2022', '2023-03-27', '2023-03-27 15:45:24'),
(98, '1', '2023-03-27', '97', 'TS-2022-2023/97', '3', '1$$1', '97$$97', 'BLUE$$BLUE', '355142440896786$$355142440887348', '1$$1', '15000$$15000', '18$$18', '15000$$15000', 0, '2022', '2023-03-27', '2023-03-27 15:47:47'),
(99, '1', '2023-03-27', '98', 'TS-2022-2023/98', '3', '1', '93', 'BLACK', '352192662065845', '1', '15500', '18', '15500', 0, '2022', '2023-03-27', '2023-03-27 15:51:31'),
(100, '1', '2023-03-27', '99', 'TS-2022-2023/99', '3', '1$$1$$1$$1$$1', '87$$87$$87$$87$$87', 'BLACLK$$BLACK$$BLACK$$BLACK  $$BLACK ', '353934990366539$$353431130385669$$353934990335849$$353934990364005$$353934990366695', '1$$1$$1$$1$$1', '10000$$10000$$10000$$10000$$10000', '18$$18$$18$$18$$18', '10000$$10000$$10000$$10000$$10000', 0, '2022', '2023-03-27', '2023-03-27 15:55:01'),
(101, '1', '2023-03-27', '100', 'TS-2022-2023/100', '3', '1', '142', 'BLUE', '354690573444775', '1', '17500', '18', '17500', 0, '2022', '2023-03-27', '2023-03-27 15:57:13'),
(102, '1', '2023-03-27', '101', 'TS-2022-2023/101', '3', '1$$1$$1$$1', '92$$92$$92$$92', 'PEACH$$BLUE$$BLUE$$PEACH ', '351270416935223$$357040734162717$$351270410250231$$357153470252871', '1$$1$$1$$1', '14500$$14500$$14500$$14500', '18$$18$$18$$18', '14500$$14500$$14500$$14500', 0, '2022', '2023-03-27', '2023-03-27 16:01:51'),
(103, '1', '2023-03-27', '102', 'TS-2022-2023/102', '3', '1$$1$$1$$1$$1$$1$$1', '94$$94$$94$$94$$94$$94$$94', 'COPPER$$COPPER$$COPPER$$GREEN$$GREEN $$GREEN $$COPPER ', '358799692056745$$358799692055176$$358799693425253$$358799693844933$$358799691703651$$358799692699528$$358799692045755', '1$$1$$1$$1$$1$$1$$1', '13500$$13500$$13500$$13500$$13500$$13500$$13500', '18$$18$$18$$18$$18$$18$$18', '13500$$13500$$13500$$13500$$13500$$13500$$13500', 0, '2022', '2023-03-27', '2023-03-27 16:05:59'),
(104, '1', '2023-03-27', '103', 'TS-2022-2023/103', '3', '1', '91', 'BLACK', '359118661304771', '1', '14500', '18', '14500', 0, '2022', '2023-03-27', '2023-03-27 16:08:48'),
(105, '1', '2023-03-27', '104', 'TS-2022-2023/104', '3', '1$$1', '90$$90', 'COPPER $$GREEN ', '352989670785565$$352989670259165', '1$$1', '12500$$12500', '18$$18', '12500$$12500', 0, '2022', '2023-03-27', '2023-03-27 16:10:22'),
(106, '1', '2023-03-27', '105', 'TS-2022-2023/105', '3', '1$$1$$1', '143$$143$$143', 'BLACK $$GREEN $$COPPER ', '356303840125429$$356303840487761$$356303840538001', '1$$1$$1', '14500$$14500$$14500', '18$$18$$18', '14500$$14500$$14500', 0, '2022', '2023-03-27', '2023-03-27 16:14:03'),
(107, '1', '2023-03-27', '106', 'TS-2022-2023/106', '3', '1$$1$$1$$1$$1$$1$$1$$1', '144$$144$$144$$144$$144$$144$$144$$144', 'BLUE$$BLUE$$BLUE $$COPPER $$COPPER $$COPPER $$COPPER $$COPPER', '350191501729563$$350191501730298$$350191501729522$$350191502121075$$350191502120366$$350191502119723$$350191502126470$$350191502120218', '1$$1$$1$$1$$1$$1$$1$$1', '10000$$10000$$10000$$10000$$10000$$10000$$10000$$10000', '18$$18$$18$$18$$18$$18$$18$$18', '10000$$10000$$10000$$10000$$10000$$10000$$10000$$10000', 0, '2022', '2023-03-27', '2023-03-27 16:19:55'),
(108, '1', '2023-03-27', '107', 'TS-2022-2023/107', '3', '1', '89', 'COPPER ', '353397820391319', '1', '11500', '18', '11500', 0, '2022', '2023-03-27', '2023-03-27 16:20:34'),
(109, '1', '2023-03-27', '108', 'TS-2022-2023/108', '3', '1$$1$$1$$1$$1$$1$$1$$1$$1', '85$$85$$85$$85$$85$$85$$85$$85$$85', 'BLACK $$BLACK $$BLACK $$BLACK $$BALCK $$BLACK $$MINT $$MINT $$BRONZE', '350655750991116$$351314619054067$$351314615734472$$351314617517479$$350655750991157$$351314619029945$$350655753854808$$350655753854154$$350655752040821', '1$$1$$1$$1$$1$$1$$1$$1$$1', '8500$$8500$$8500$$8500$$8500$$8500$$8500$$8500$$8500', '18$$18$$18$$18$$18$$18$$18$$18$$18', '8500$$8500$$8500$$8500$$8500$$8500$$8500$$8500$$8500', 0, '2022', '2023-03-27', '2023-03-27 16:26:27'),
(110, '1', '2023-03-28', '109', 'TS-2022-2023/109', '2', '2$$2$$2$$2$$2$$2$$2', '8$$8$$8$$8$$8$$8$$8', 'ORANGE $$ORANGE $$ORANGE $$ORANGE $$BLACK $$BLACK $$BLUE ', '862611065099112$$862611063814272$$862611063814330$$862498068792871$$862611061836392$$862611061837838$$862498068506636', '1$$1$$1$$1$$1$$1$$1', '13500$$13500$$13500$$13500$$13500$$13500$$13500', '18$$18$$18$$18$$18$$18$$18', '13500$$13500$$13500$$13500$$13500$$13500$$13500', 0, '2022', '2023-03-28', '2023-03-28 15:44:46'),
(111, '1', '2023-03-28', '110', 'TS-2022-2023/110', '2', '2$$2$$2$$2$$2$$2$$2$$2$$2$$2$$2$$2$$2$$2', '7$$7$$7$$7$$7$$7$$7$$7$$7$$7$$7$$7$$7$$7', 'GOLD $$GREEN $$BLACK $$GOLD $$GREEN $$GOLD $$BLACK $$GREEN $$GOLD $$BLACK  $$BLACK $$BLACK $$GREEN $$GOLD ', '864397062647610$$864397069213499$$863581069869852$$864397066625075$$864397068436117$$864397066625315$$864397068196034$$864397068438832$$864397064289411$$864397064606051$$864397064606457$$863581069781990$$864397068438378$$864397066566790', '1$$1$$1$$1$$1$$1$$1$$1$$1$$1$$1$$1$$1$$1', '15000$$15000$$15000$$15000$$15000$$15000$$15000$$15000$$15000$$15000$$15000$$15000$$15000$$15000', '18$$18$$18$$18$$18$$18$$18$$18$$18$$18$$18$$18$$18$$18', '15000$$15000$$15000$$15000$$15000$$15000$$15000$$15000$$15000$$15000$$15000$$15000$$15000$$15000', 0, '2022', '2023-03-28', '2023-03-28 15:58:48'),
(112, '1', '2023-03-28', '111', 'TS-2022-2023/111', '2', '2$$2$$2$$2$$2$$2$$2$$2', '156$$156$$156$$156$$156$$156$$156$$156', 'BLUE $$BLACK $$BLACK $$BULE $$BLACK $$BLACK $$BLUE $$BLUE ', '866194065913497$$860838060388974$$860838060389212$$860838060952431$$860838060387810$$860838060221696$$860838060952357$$866194069132573', '1$$1$$1$$1$$1$$1$$1$$1', '19000$$19000$$19000$$19000$$19000$$19000$$19000$$19000', '18$$18$$18$$18$$18$$18$$18$$18', '19000$$19000$$19000$$19000$$19000$$19000$$19000$$19000', 0, '2022', '2023-03-28', '2023-03-28 16:27:45'),
(113, '1', '2023-03-28', '112', 'TS-2022-2023/112', '2', '2$$2', '157$$157', 'BLACK $$BLACK ', '863461061235313$$864463067789219', '1$$1', '18000$$18000', '18$$18', '18000$$18000', 0, '2022', '2023-03-28', '2023-03-28 16:31:36'),
(114, '1', '2023-03-28', '113', 'TS-2022-2023/113', '2', '2$$2', '4$$4', 'BLACK $$BLACK ', '864904060973870$$864904060973771', '1$$1', '26000$$26000', '18$$18', '26000$$26000', 0, '2022', '2023-03-28', '2023-03-28 16:34:46'),
(115, '1', '2023-03-28', '114', 'TS-2022-2023/114', '2', '2$$2', '5$$5', 'GOLD $$GOLD ', '863534060091497$$863534060072794', '1$$1', '22000$$22000', '1$$1', '22000$$22000', 0, '2022', '2023-03-28', '2023-03-28 16:36:48'),
(116, '1', '2023-03-28', '115', 'TS-2022-2023/115', '2', '2', '145', 'GOLD ', '867426063359177', '1', '30000', '18', '30000', 0, '2022', '2023-03-28', '2023-03-28 16:37:42'),
(117, '1', '2023-03-28', '116', 'TS-2022-2023/116', '2', '2$$2$$2$$2$$2$$2$$2$$2$$2', '11$$11$$11$$11$$11$$11$$11$$11$$11', 'GOLD $$BLUE $$GOLD $$BLUE $$GOLD $$BLUE $$GOLD $$BLUE $$GOLD ', '860109063677296$$860109065833574$$860150066556210$$860150066260912$$860150066545015$$860150066260375$$860150066544190$$860150062935038$$860150066544539', '1$$1$$1$$1$$1$$1$$1$$1$$1', '9500$$9500$$9500$$9500$$9500$$9500$$9500$$9500$$9500', '18$$18$$18$$18$$18$$18$$18$$18$$18', '9500$$9500$$9500$$9500$$9500$$9500$$9500$$9500$$9500', 0, '2022', '2023-03-28', '2023-03-28 16:50:33'),
(118, '1', '2023-03-28', '117', 'TS-2022-2023/117', '2', '2', '8', 'BLACK ', '862498069136797', '1', '12500', '18', '12500', 0, '2022', '2023-03-28', '2023-03-28 16:52:47'),
(119, '1', '2023-03-28', '118', 'TS-2022-2023/118', '2', '2$$2$$2$$2$$2', '9$$9$$9$$9$$9', 'BLACK $$BLACK $$BLUE $$BLUE $$BLUE ', '866102052928493$$866102052928717$$866102052928618$$866102053637598$$866102051224498', '1$$1$$1$$1$$1', '14000$$14000$$14000$$14000$$14000', '18$$18$$18$$18$$18', '14000$$14000$$14000$$14000$$14000', 0, '2022', '2023-03-28', '2023-03-28 16:57:04'),
(120, '1', '2023-03-28', '119', 'TS-2022-2023/119', '2', '2', '162', 'BLACK ', '860035068500011', '1', '10000', '18', '10000', 0, '2022', '2023-03-28', '2023-03-28 17:00:20'),
(121, '1', '2023-03-29', '120', 'TS-2022-2023/120', '2', '2$$2$$2$$2', '11$$11$$11$$11', 'GOLD $$GOLD $$BLUE $$BLUE ', '860150066554512$$860150066554330$$860150066029010$$860150066023997', '1$$1$$1$$1', '9500$$9500$$9500$$9500', '18$$18$$18$$18', '9500$$9500$$9500$$9500', 0, '2022', '2023-03-29', '2023-03-29 10:47:50'),
(122, '1', '2023-03-29', '121', 'TS-2022-2023/121', '2', '2$$2$$2', '16$$16$$16', 'BLACK $$GOLD $$GOLD ', '867426067336510$$867426067829654$$867426067829217', '1$$1$$1', '30000$$30000$$30000', '18$$18$$18', '30000$$30000$$30000', 0, '2022', '2023-03-29', '2023-03-29 10:50:38'),
(123, '1', '2023-03-29', '122', 'TS-2022-2023/122', '2', '2$$2', '156$$156', 'BLUE $$BLUE ', '860838062075975$$860838062076395', '1$$1', '19000$$19000', '18$$18', '19000$$19000', 0, '2022', '2023-03-29', '2023-03-29 10:51:59'),
(124, '1', '2023-03-29', '123', 'TS-2022-2023/123', '2', '2$$2', '14$$14', 'BLUE $$BLUE ', '867443065793170$$867443065793238', '1$$1', '16000$$16000', '18$$18', '16000$$16000', 0, '2022', '2023-03-29', '2023-03-29 10:53:24'),
(125, '1', '2023-03-29', '124', 'TS-2022-2023/124', '2', '2$$2', '9$$9', 'GREEN $$GREEN ', '866102053217193$$866102053192636', '1$$1', '15000$$15000', '18$$18', '15000$$15000', 0, '2022', '2023-03-29', '2023-03-29 10:55:09'),
(126, '1', '2023-03-29', '125', 'TS-2022-2023/125', '2', '2$$2$$2$$2$$2$$2', '8$$8$$8$$8$$8$$8', 'BLACK $$ORANGE  $$BLACK $$BLUE $$ORANGE $$BLUE ', '862611066086811$$862611063699517$$862611066086530$$862611064277479$$862611063697958$$862611064363410', '1$$1$$1$$1$$1$$1', '12500$$12500$$12500$$12500$$12500$$12500', '18$$18$$18$$18$$18$$18', '12500$$12500$$12500$$12500$$12500$$12500', 0, '2022', '2023-03-29', '2023-03-29 10:58:37'),
(127, '1', '2023-03-29', '126', 'TS-2022-2023/126', '2', '2', '17', 'GREY ', '6932169313629', '1', '20000', '18', '20000', 0, '2022', '2023-03-29', '2023-03-29 11:12:54'),
(128, '1', '2023-03-29', '127', 'TS-2022-2023/127', '2', '2', '145', 'GOLD ', '865392060779951', '1', '30000', '18', '30000', 0, '2022', '2023-03-29', '2023-03-29 11:16:23'),
(129, '1', '2023-03-29', '128', 'TS-2022-2023/128', '2', '2', '146', 'BLUE ', '865084053884191', '1', '36000', '18', '36000', 0, '2022', '2023-03-29', '2023-03-29 11:18:48'),
(130, '1', '2023-03-29', '129', 'TS-2022-2023/129', '2', '2$$2', '7$$7', 'BLACK $$BLACK ', '862791066591554$$862791064074595', '1$$1', '14000$$14000', '18$$18', '14000$$14000', 0, '2022', '2023-03-29', '2023-03-29 11:21:11'),
(131, '1', '2023-03-29', '130', 'TS-2022-2023/130', '2', '2$$2', '6$$6', 'BLACK $$ORANGE ', '864463067666177$$864463061950353', '1$$1', '18000$$18000', '18$$18', '18000$$18000', 0, '2022', '2023-03-29', '2023-03-29 11:24:53'),
(132, '1', '2023-03-29', '131', 'TS-2022-2023/131', '2', '2', '147', 'BLACK ', '865924055504257', '1', '30000', '18', '30000', 0, '2022', '2023-03-29', '2023-03-29 11:26:20'),
(133, '1', '2023-03-29', '132', 'TS-2022-2023/132', '2', '2$$2', '166$$166', 'BLUE $$BLUE ', '861148060328817$$861363060692795', '1$$1', '18000$$18000', '18$$18', '18000$$18000', 0, '2022', '2023-03-29', '2023-03-29 11:27:56'),
(134, '1', '2023-03-29', '133', 'TS-2022-2023/133', '2', '2', '167', 'BLUE ', '860118050588218', '1', '16000', '18', '16000', 0, '2022', '2023-03-29', '2023-03-29 11:28:44'),
(135, '1', '2023-03-29', '134', 'TS-2022-2023/134', '2', '2$$2$$2$$2', '10$$10$$10$$10', 'GREEN $$BLACK $$BLACK $$BLUE ', '864883056121613$$866030057844896$$866030056875990$$866592055968415', '1$$1$$1$$1', '12500$$12500$$12500$$12500', '18$$18$$18$$18', '12500$$12500$$12500$$12500', 0, '2022', '2023-03-29', '2023-03-29 11:38:46'),
(136, '1', '2023-03-29', '135', 'TS-2022-2023/135', '2', '2', '15', 'BLACK ', '864883058666979', '1', '15000', '18', '15000', 0, '2022', '2023-03-29', '2023-03-29 11:42:14'),
(137, '1', '2023-03-29', '136', 'TS-2022-2023/136', '2', '2$$2$$2', '151$$151$$151', 'SILVER $$SILVER $$BLACK ', '861932053381598$$866899055810012$$866899052803333', '1$$1$$1', '26000$$26000$$26000', '18$$18$$18', '26000$$26000$$26000', 0, '2022', '2023-03-29', '2023-03-29 11:47:33'),
(138, '1', '2023-03-29', '137', 'TS-2022-2023/137', '2', '2', '5', 'GOLD ', '860489063252096', '1', '25000', '18', '25000', 0, '2022', '2023-03-29', '2023-03-29 11:49:16'),
(139, '1', '2023-03-29', '138', 'TS-2022-2023/138', '2', '2$$2', '153$$153', 'BLUE $$BLACK ', '860213056062290$$860427055722759', '1$$1', '16000$$16000', '18$$18', '16000$$16000', 0, '2022', '2023-03-29', '2023-03-29 11:51:17'),
(140, '1', '2023-03-29', '139', 'TS-2022-2023/139', '2', '2', '172', 'BLACK ', '863782052429452', '1', '20000', '18', '20000', 0, '2022', '2023-03-29', '2023-03-29 11:54:01'),
(141, '1', '2023-03-29', '140', 'TS-2022-2023/140', '2', '2', '151', 'SILVER ', '861932050882192', '1', '26000', '18', '26000', 0, '2022', '2023-03-29', '2023-03-29 11:55:27'),
(142, '1', '2023-03-29', '141', 'TS-2022-2023/141', '2', '2$$2', '173$$173', 'GOLD $$BLACK ', '861066050820751$$860733056356731', '1$$1', '14000$$14000', '18$$18', '14000$$14000', 0, '2022', '2023-03-29', '2023-03-29 12:00:13'),
(143, '1', '2023-03-29', '142', 'TS-2022-2023/142', '2', '2', '151', 'SILVER ', '861932050738915', '1', '26000', '18', '26000', 0, '2022', '2023-03-29', '2023-03-29 12:03:42'),
(144, '1', '2023-03-29', '143', 'TS-2022-2023/143', '2', '2$$2$$2', '173$$173$$173', 'BLACK $$GOLD $$BLUE ', '861144057808655$$861144055312254$$861831053353351', '1$$1$$1', '13000$$13000$$13000', '18$$18$$18', '13000$$13000$$13000', 0, '2022', '2023-03-29', '2023-03-29 12:14:08'),
(145, '1', '2023-03-29', '144', 'TS-2022-2023/144', '2', '2', '174', 'BLACK ', '864058058315154', '1', '10000', '18', '10000', 0, '2022', '2023-03-29', '2023-03-29 12:18:11'),
(146, '1', '2023-03-29', '145', 'TS-2022-2023/145', '2', '2$$2$$2', '175$$175$$175', 'SILVER $$SILVER $$BLACK ', '867059059914018$$867912054231814$$866195058511891', '1$$1$$1', '13000$$13000$$13000', '18$$18$$18', '13000$$13000$$13000', 0, '2022', '2023-03-29', '2023-03-29 12:23:16'),
(147, '1', '2023-03-29', '146', 'TS-2022-2023/146', '2', '2', '174', 'BLUE ', '864277052663811', '1', '11000', '18', '11000', 0, '2022', '2023-03-29', '2023-03-29 12:24:12'),
(148, '1', '2023-03-29', '147', 'TS-2022-2023/147', '2', '2', '173', 'BLUE ', '862050054711678', '1', '14000', '18', '14000', 0, '2022', '2023-03-29', '2023-03-29 12:25:05'),
(149, '1', '2023-03-29', '148', 'TS-2022-2023/148', '2', '2$$2', '8$$8', 'ORANGE $$BLACK ', '862498065241534$$860578061246991', '1$$1', '13500$$13500', '1$$1', '13500$$13500', 0, '2022', '2023-03-29', '2023-03-29 12:28:07'),
(150, '1', '2023-03-29', '149', 'TS-2022-2023/149', '2', '2', '10', 'BLACK ', '864883051937492', '1', '12500', '18', '12500', 0, '2022', '2023-03-29', '2023-03-29 12:29:07'),
(151, '1', '2023-03-29', '150', 'TS-2022-2023/150', '2', '2', '7', 'GREEN ', '862791069813252', '1', '16000', '18', '16000', 0, '2022', '2023-03-29', '2023-03-29 12:29:37'),
(152, '1', '2023-03-29', '151', 'TS-2022-2023/151', '2', '2$$2', '170$$170', 'BLUE $$BLUE ', '865389058143356$$865389055151279', '1$$1', '16500$$16500', '18$$18', '16500$$16500', 0, '2022', '2023-03-29', '2023-03-29 12:31:56'),
(153, '1', '2023-03-29', '152', 'TS-2022-2023/152', '2', '2', '176', 'BLUE ', '868015051552858', '1', '16000', '18', '16000', 0, '2022', '2023-03-29', '2023-03-29 12:34:23'),
(154, '1', '2023-03-29', '153', 'TS-2022-2023/153', '2', '2', '177', 'BLUE ', '866830043402091', '1', '27000', '18', '27000', 0, '2022', '2023-03-29', '2023-03-29 12:38:03'),
(155, '1', '2023-03-29', '154', 'TS-2022-2023/154', '2', '2', '13', 'WHITE ', '865399065018954', '1', '10500', '18', '10500', 0, '2022', '2023-03-29', '2023-03-29 12:42:09'),
(156, '1', '2023-03-29', '155', 'TS-2022-2023/155', '2', '2$$2$$2$$2', '12$$12$$12$$12', 'BLACK $$BLACK $$BLACK $$BLUE ', '860035068500177$$860035063422492$$865399061909032$$860035063217512', '1$$1$$1$$1', '12000$$12000$$12000$$12000', '18$$18$$18$$18', '12000$$12000$$12000$$12000', 0, '2022', '2023-03-29', '2023-03-29 12:47:29'),
(157, '1', '2023-03-29', '156', 'TS-2022-2023/156', '2', '2', '168', 'BLACK ', '861111051552951', '1', '11000', '18', '11000', 0, '2022', '2023-03-29', '2023-03-29 12:49:29'),
(158, '1', '2023-03-29', '157', 'TS-2022-2023/157', '2', '2$$2$$2', '169$$169$$169', 'WHITE $$WHITE$$WHITE ', '861111050192874$$865399060255999$$861014058135772', '1$$1$$1', '10500$$10500$$10500', '18$$18$$18', '10500$$10500$$10500', 0, '2022', '2023-03-29', '2023-03-29 12:51:56'),
(159, '1', '2023-03-29', '158', 'TS-2022-2023/158', '2', '2', '175', 'SILVER ', '867912057200279', '1', '11000', '18', '11000', 0, '2022', '2023-03-29', '2023-03-29 12:54:20'),
(160, '1', '2023-03-29', '159', 'TS-2022-2023/159', '2', '2$$2', '13$$13', 'WHITE $$WHITE ', '865399065083131$$865399065018871', '1$$1', '10000$$10000', '18$$18', '10000$$10000', 0, '2022', '2023-03-29', '2023-03-29 12:56:25'),
(161, '1', '2023-03-29', '160', 'TS-2022-2023/160', '2', '2', '168', 'BLACK ', '861014057393174', '1', '11500', '18', '11500', 0, '2022', '2023-03-29', '2023-03-29 12:57:36'),
(162, '1', '2023-03-29', '161', 'TS-2022-2023/161', '2', '2', '169', 'BLUE ', '861014054115877', '1', '10500', '18', '10500', 0, '2022', '2023-03-29', '2023-03-29 12:59:21'),
(163, '1', '2023-03-29', '162', 'TS-2022-2023/162', '2', '2', '12', 'WHITE ', '860035067661434', '1', '11000', '18', '11000', 0, '2022', '2023-03-29', '2023-03-29 13:00:14'),
(164, '1', '2023-03-29', '163', 'TS-2022-2023/163', '2', '2', '152', 'BLACK ', '861451053190933', '1', '19000', '18', '19000', 0, '2022', '2023-03-29', '2023-03-29 13:01:08'),
(165, '1', '2023-03-29', '164', 'TS-2022-2023/164', '2', '2', '173', 'GOLD ', '861144055511392', '1', '13000', '18', '13000', 0, '2022', '2023-03-29', '2023-03-29 13:04:05'),
(166, '1', '2023-03-29', '165', 'TS-2022-2023/165', '2', '2', '174', 'BLACK ', '865550058114735', '1', '10500', '18', '10500', 0, '2022', '2023-03-29', '2023-03-29 13:05:54'),
(167, '1', '2023-03-29', '166', 'TS-2022-2023/166', '2', '2', '178', 'RED ', '869322039086697', '1', '8500', '18', '8500', 0, '2022', '2023-03-29', '2023-03-29 13:11:38'),
(168, '1', '2023-03-29', '167', 'TS-2022-2023/167', '2', '2', '173', 'GOLD ', '861066051000635', '1', '13000', '18', '13000', 0, '2022', '2023-03-29', '2023-03-29 13:13:50'),
(169, '1', '2023-03-29', '168', 'TS-2022-2023/168', '2', '2$$2$$2', '178$$178$$178', 'RED $$RED$$RED ', '869746032966937$$869314045555872$$869754031467170', '1$$1$$1', '8500$$8500$$8500', '18$$18$$18', '8500$$8500$$8500', 0, '2022', '2023-03-29', '2023-03-29 13:21:44'),
(170, '1', '2023-03-29', '169', 'TS-2022-2023/169', '2', '2$$2', '180$$180', 'GOLD $$PINK ', '863050031842652$$864296036194396', '1$$1', '8000$$8000', '18$$18', '8000$$8000', 0, '2022', '2023-03-29', '2023-03-29 13:24:34'),
(171, '1', '2023-03-29', '170', 'TS-2022-2023/170', '2', '2', '181', 'BLUE ', '862281052939694', '1', '12500', '18', '12500', 0, '2022', '2023-03-29', '2023-03-29 13:30:12'),
(172, '1', '2023-03-29', '171', 'TS-2022-2023/171', '3', '1$$1$$1$$1', '96$$96$$96$$96', 'WHITE$$WHITE $$BLACK $$BLACK ', '358099390270015$$358099390270551$$352724160777776$$357214543473751', '1$$1$$1$$1', '15500$$15500$$15500$$15500', '18$$18$$18$$18', '15500$$15500$$15500$$15500', 0, '2022', '2023-03-29', '2023-03-29 13:36:25'),
(173, '1', '2023-03-29', '172', 'TS-2022-2023/172', '3', '1$$1$$1$$1$$1', '95$$95$$95$$95$$95', 'BLACK $$WHITE $$BLUE $$BLUE $$WHITE ', '356770916346123$$356770918196013$$356770912557194$$356770917108100$$356770915440489', '1$$1$$1$$1$$1', '12500$$12500$$12500$$12500$$12500', '18$$18$$18$$18$$18', '12500$$12500$$12500$$12500$$12500', 0, '2022', '2023-03-29', '2023-03-29 13:39:23'),
(174, '1', '2023-03-29', '173', 'TS-2022-2023/173', '3', '1$$1$$1$$1', '106$$106$$106$$106', 'BLACK $$WHITE $$BLACK $$BLACK ', '351996302937804$$351996301651232$$351996303039246$$351996303030880', '1$$1$$1$$1', '32000$$32000$$32000$$32000', '18$$18$$18$$18', '32000$$32000$$32000$$32000', 0, '2022', '2023-03-29', '2023-03-29 13:44:04'),
(175, '1', '2023-03-29', '174', 'TS-2022-2023/174', '3', '1', '182', 'BLUE ', '352938778122239', '1', '28000', '18', '28000', 0, '2022', '2023-03-29', '2023-03-29 13:47:05'),
(176, '1', '2023-03-29', '175', 'TS-2022-2023/175', '3', '1$$1$$1', '106$$106$$106', 'WHITE $$WHITE $$BLACK ', '351996302998822$$351996301276576$$351996303890200', '1$$1$$1', '32500$$32500$$32500', '18$$18$$18', '32500$$32500$$32500', 0, '2022', '2023-03-29', '2023-03-29 13:48:49'),
(177, '1', '2023-03-29', '176', 'TS-2022-2023/176', '2', '2', '183', 'BLUE', '864058054353274', '1', '8000', '18', '8000', 0, '2022', '2023-03-29', '2023-03-29 15:50:56'),
(178, '1', '2023-03-30', '177', 'TS-2022-2023/177', '3', '1$$1$$1', '184$$184$$184', 'AURA GLOW $$AURA GLOW $$AURA GLOW ', '355468111672945$$355468111306544$$355468110632379', '1$$1$$1', '35000$$35000$$35000', '18$$18$$18', '35000$$35000$$35000', 0, '2022', '2023-03-30', '2023-03-30 11:18:09'),
(179, '1', '2023-03-30', '178', 'TS-2022-2023/178', '3', '1$$1', '113$$113', 'AURA RED $$AURA GLOW ', '353482111081470$$355468110610656', '1$$1', '40000$$40000', '18$$18', '40000$$40000', 0, '2022', '2023-03-30', '2023-03-30 11:20:19'),
(180, '1', '2023-03-30', '179', 'TS-2022-2023/179', '3', '1$$1', '185$$185', 'MYSTIC BLUE $$MYSTIC BLUE ', '356214463364718$$356214463291325', '1$$1', '84000$$84000', '18$$18', '84000$$84000', 0, '2022', '2023-03-30', '2023-03-30 11:23:42'),
(181, '1', '2023-03-30', '180', 'TS-2022-2023/180', '3', '1$$1', '116$$116', 'COSMIC GREY $$COSMIC BLACK ', '355362117853411$$355362115130895', '1$$1', '55000$$55000', '18$$18', '55000$$55000', 0, '2022', '2023-03-30', '2023-03-30 11:26:09'),
(182, '1', '2023-03-30', '181', 'TS-2022-2023/181', '3', '1', '118', 'PRISM DOT BLACK ', '355120910777942', '1', '23000', '18', '23000', 0, '2022', '2023-03-30', '2023-03-30 11:28:38'),
(183, '1', '2023-03-30', '182', 'TS-2022-2023/182', '3', '1', '120', 'BLACK ', '352978605537332', '1', '19000', '198', '19000', 0, '2022', '2023-03-30', '2023-03-30 11:30:27'),
(184, '1', '2023-03-30', '183', 'TS-2022-2023/183', '3', '1$$1', '117$$117', 'BLUE $$BLUE ', '353412111937926$$353412114010770', '1$$1', '32000$$32000', '18$$18', '32000$$32000', 0, '2022', '2023-03-30', '2023-03-30 11:32:02'),
(185, '1', '2023-03-30', '184', 'TS-2022-2023/184', '3', '1', '119', 'BLACK ', '359021827809313', '1', '38000', '18', '38000', 0, '2022', '2023-03-30', '2023-03-30 11:33:12'),
(186, '1', '2023-03-30', '185', 'TS-2022-2023/185', '3', '1', '123', 'BLACK ', '353680110691542', '1', '22000', '18', '22000', 0, '2022', '2023-03-30', '2023-03-30 11:33:57'),
(187, '1', '2023-03-30', '186', 'TS-2022-2023/186', '3', '1$$1', '100$$100', 'BLACK $$BLUE ', '350894214483960$$353089180559938', '1$$1', '22000$$22000', '18$$18', '22000$$22000', 0, '2022', '2023-03-30', '2023-03-30 11:38:21'),
(188, '1', '2023-03-30', '187', 'TS-2022-2023/187', '3', '1$$1', '186$$186', 'BLUE $$BLUE ', '353089180555886$$353089181414844', '1$$1', '19000$$19000', '18$$18', '19000$$19000', 0, '2022', '2023-03-30', '2023-03-30 11:40:19'),
(189, '1', '2023-03-30', '188', 'TS-2022-2023/188', '3', '1', '141', 'GREEN ', '357917274875339', '1', '18500', '18', '18500', 0, '2022', '2023-03-30', '2023-03-30 11:41:22'),
(190, '1', '2023-03-30', '189', 'TS-2022-2023/189', '3', '1', '124', 'BLACK ', '356890805345257', '1', '18500', '18', '18500', 0, '2022', '2023-03-30', '2023-03-30 11:42:06'),
(191, '1', '2023-03-30', '190', 'TS-2022-2023/190', '3', '1$$1$$1$$1$$1', '125$$125$$125$$125$$125', 'SILVER $$SILVER $$SILVER $$SILVER $$SILVER ', 'R9ZT706J54D$$R9ZT706K4EN$$R9ZT706G0VW$$351587324554964$$351587324366757', '1$$1$$1$$1$$1', '13500$$13500$$13500$$13500$$13500', '18$$18$$18$$18$$18', '13500$$13500$$13500$$13500$$13500', 0, '2022', '2023-03-30', '2023-03-30 11:46:51'),
(192, '1', '2023-03-30', '191', 'TS-2022-2023/191', '3', '1', '187', 'DARK GREY ', '356054112835712', '1', '21000', '18', '21000', 0, '2022', '2023-03-30', '2023-03-30 11:51:50'),
(193, '1', '2023-03-30', '192', 'TS-2022-2023/192', '3', '1$$1$$1$$1$$1', '86$$86$$86$$86$$86', 'BLACK $$BLACK $$BLACK $$BLUE $$BLACK ', '355729338314516$$352645481556369$$352645480848098$$352645483641920$$352645483556730', '1$$1$$1$$1$$1', '9500$$9500$$9500$$9500$$9500', '18$$18$$18$$18$$18', '9500$$9500$$9500$$9500$$9500', 0, '2022', '2023-03-30', '2023-03-30 11:56:07'),
(194, '1', '2023-03-30', '193', 'TS-2022-2023/193', '3', '1', '122', 'BLUE ', '350641033517589', '1', '24000', '18', '24000', 0, '2022', '2023-03-30', '2023-03-30 11:58:05'),
(195, '1', '2023-03-30', '194', 'TS-2022-2023/194', '3', '1$$1', '188$$188', 'GREY $$GREEN ', '350641034107273$$350641033637411', '1$$1', '21000$$21000', '18$$18', '21000$$21000', 0, '2022', '2023-03-30', '2023-03-30 12:00:05'),
(196, '1', '2023-03-30', '195', 'TS-2022-2023/195', '3', '1$$1$$1$$1$$1', '88$$88$$88$$88$$88', 'BLACK $$BLUE $$BLACK $$BLUE $$BLUE ', '354586850174640$$351008762839353$$354586854420148$$356977519849284$$351008762844437', '1$$1$$1$$1$$1', '11000$$11000$$11000$$11000$$11000', '18$$18$$18$$18$$18', '11000$$11000$$11000$$11000$$11000', 0, '2022', '2023-03-30', '2023-03-30 12:04:38'),
(197, '1', '2023-03-30', '196', 'TS-2022-2023/196', '3', '1$$1', '87$$87', 'WHITE $$WHITE ', '353431133303222$$353431131384836', '1$$1', '10000$$10000', '18$$18', '10000$$10000', 0, '2022', '2023-03-30', '2023-03-30 12:06:37'),
(198, '1', '2023-03-30', '197', 'TS-2022-2023/197', '3', '1$$1$$1$$1$$1$$1$$1$$1$$1$$1$$1', '85$$85$$85$$85$$85$$85$$85$$85$$85$$85$$85', 'BLUE $$BLUE $$BLACK  $$BLACK $$BLUE $$BLUE $$BLACK $$BLACK $$BLACK $$BRONZE $$BLUE ', '353069844756922$$353069846276358$$353069844639995$$353069846601308$$353069846278438$$353069844761914$$353069846627345$$351314614579134$$351314612193763$$351314616332581$$353069847182688', '1$$1$$1$$1$$1$$1$$1$$1$$1$$1$$1', '8000$$8000$$8000$$8000$$8000$$8000$$8000$$8000$$8000$$8000$$8000', '18$$18$$18$$18$$18$$18$$18$$18$$18$$18$$18', '8000$$8000$$8000$$8000$$8000$$8000$$8000$$8000$$8000$$8000$$8000', 0, '2022', '2023-03-30', '2023-03-30 12:18:47'),
(199, '1', '2023-03-30', '198', 'TS-2022-2023/198', '3', '1', '95', 'BLUE ', '356770913900559', '1', '12500', '18', '12500', 0, '2022', '2023-03-30', '2023-03-30 16:01:47'),
(200, '1', '2023-03-30', '199', 'TS-2022-2023/199', '3', '1', '85', 'BLACK ', '351314611036591', '1 ', '8000', '18', '8000', 0, '2022', '2023-03-30', '2023-03-30 16:03:24'),
(201, '1', '2023-03-30', '200', 'TS-2022-2023/200', '1', '3$$3$$3$$3', '25$$25$$25$$25', 'GREEN $$GREEN $$GREEN $$GREEN', '863340066733730$$863340066717816$$863340066733318$$863340066731437', '1$$1$$1$$1', '13500$$13500$$13500$$13500', '18$$18$$18$$18', '13500$$13500$$13500$$13500', 0, '2022', '2023-03-30', '2023-03-30 16:30:38');
INSERT INTO `tblpurchase` (`id`, `CStore`, `selectDate`, `BillNo`, `orderno`, `Dealer`, `Category`, `Product`, `Colour`, `IMEI`, `Qty`, `price`, `tax`, `total`, `Status`, `FinancialYear`, `AddedDate`, `CreatedDate`) VALUES
(202, '1', '2023-03-30', '201', 'TS-2022-2023/201', '1', '3$$3', '45$$45', 'ORANGE $$ORANGE ', '861531061209997$$861531061205458', '1$$1', '19000$$19000', '18$$18', '19000$$19000', 0, '2022', '2023-03-30', '2023-03-30 16:32:09'),
(203, '1', '2023-03-30', '202', 'TS-2022-2023/202', '1', '3$$3$$3', '36$$36$$36', 'BLUE $$BLUE $$BLUE ', '863067067884879$$863067067860978$$863067067888417', '1$$1$$1', '32000$$32000$$32000', '18$$18$$18', '32000$$32000$$32000', 0, '2022', '2023-03-30', '2023-03-30 16:35:54'),
(204, '1', '2023-03-31', '203', 'TS-2022-2023/203', '6', '8', '191', 'BLUE ', '354838532949307', '1', '15000', '18', '15000', 0, '2022', '2023-03-31', '2023-03-31 11:55:37'),
(205, '1', '2023-03-31', '204', 'TS-2022-2023/204', '6', '8$$8$$8$$8$$8', '192$$192$$192$$192$$192', 'BLUE $$SKY $$SKY $$BLUE $$SKY ', '352839713416126$$352839713738123$$352839713698004$$352839713401185$$352839713681240', '1$$1$$1$$1$$1', '8000$$8000$$8000$$8000$$8000', '18$$18$$18$$18$$18', '8000$$8000$$8000$$8000$$8000', 0, '2022', '2023-03-31', '2023-03-31 12:13:41'),
(206, '1', '2023-03-31', '205', 'TS-2022-2023/205', '6', '8', '193', 'PURPLE ', '359110630219669', '1', '9000', '18', '9000', 0, '2022', '2023-03-31', '2023-03-31 12:15:25'),
(207, '1', '2023-03-31', '206', 'TS-2022-2023/206', '6', '8', '189', 'VIOLET ', '356588261069300', '1', '10000', '18', '10000', 0, '2022', '2023-03-31', '2023-03-31 12:17:37'),
(208, '1', '2023-03-31', '207', 'TS-2022-2023/207', '5', '7', '194', 'BLUE ', '355935280391846', '1', '12000', '18', '12000', 0, '2022', '2023-03-31', '2023-03-31 12:27:27'),
(209, '1', '2023-03-31', '208', 'TS-2022-2023/208', '5', '7', '196', 'BLACK ', '352528511315909', '1', '12500', '18', '12500', 0, '2022', '2023-03-31', '2023-03-31 12:29:12'),
(210, '1', '2023-03-31', '209', 'TS-2022-2023/209', '5', '7$$7$$7', '195$$195$$195', 'TURQUISE CYNE$$TURQUISE CYNE$$TURQUISE CYNE', '352148666718862$$352148666790440$$352148664857381', '1$$1$$1', '10000$$10000$$10000', '18$$18$$18', '10000$$10000$$10000', 0, '2022', '2023-03-31', '2023-03-31 12:32:21'),
(211, '1', '2023-03-31', '210', 'TS-2022-2023/210', '5', '7$$7$$7', '197$$197$$197', 'BLUE $$BLUE $$BLUE ', '353193211409962$$353193210657942$$353193212151365', '1$$1$$1', '15000$$15000$$15000', '18$$18$$18', '15000$$15000$$15000', 0, '2022', '2023-03-31', '2023-03-31 12:43:49'),
(212, '1', '2023-03-31', '211', 'TS-2022-2023/211', '5', '7', '198', 'SILVER ', '354776351755308', '1', '12000', '18', '12000', 0, '2022', '2023-03-31', '2023-03-31 12:47:54'),
(213, '1', '2023-03-31', '212', 'TS-2022-2023/212', '5', '7$$7$$7$$7', '199$$199$$199$$199', 'BLUE $$BLUE $$BLUE $$BLUE ', '353620723317242$$353620722184080$$353620721553681$$353620720656949', '1$$1$$1$$1', '9500$$9500$$9500$$9500', '18$$18$$18$$18', '9500$$9500$$9500$$9500', 0, '2022', '2023-03-31', '2023-03-31 13:02:48'),
(214, '1', '2023-03-31', '213', 'TS-2022-2023/213', '5', '7$$7', '200$$200', 'DEEPSEE LUSTER$$ICE BLUE ', '356761350731581$$356761350343304', '1$$1', '10500$$10500', '18$$18', '10500$$10500', 0, '2022', '2023-03-31', '2023-03-31 13:05:42'),
(215, '1', '2023-03-31', '214', 'TS-2022-2023/214', '9', '10', '202', 'GREEN ', '862757044730986', '1', '17000', '18', '17000', 0, '2022', '2023-03-31', '2023-03-31 16:20:57'),
(216, '1', '2023-03-31', '215', 'TS-2022-2023/215', '9', '10$$10', '203$$203', 'GREEN $$GREEN ', '868885055343615$$868885055336379', '1$$1', '15000$$15000', '18$$18', '15000$$15000', 0, '2022', '2023-03-31', '2023-03-31 16:25:59'),
(217, '1', '2023-03-31', '216', 'TS-2022-2023/216', '9', '10$$10$$10$$10', '204$$204$$204$$204', 'BLUE $$BLACK $$BLUE $$BULE ', '862201056027130$$862201055123112$$862201055611694$$862201055624135', '1$$1$$1$$1', '16000$$16000$$16000$$16000', '18$$18$$18$$18', '16000$$16000$$16000$$16000', 0, '2022', '2023-03-31', '2023-03-31 16:29:18'),
(218, '1', '2023-03-31', '217', 'TS-2022-2023/217', '9', '10', '205', 'BLACK ', '862201054033692', '1', '14000', '18', '14000', 0, '2022', '2023-03-31', '2023-03-31 16:46:24'),
(219, '1', '2023-03-31', '218', 'TS-2022-2023/218', '9', '10$$10', '206$$206', 'BLUE $$BLUE ', '868166064325350$$864562058953898', '1$$1', '10000$$10000', '18$$18', '10000$$10000', 0, '2022', '2023-03-31', '2023-03-31 16:48:54'),
(220, '1', '2023-03-31', '219', 'TS-2022-2023/219', '9', '10$$10', '207$$207', 'BLUE $$GREY ', '868842058557139$$868976052100635', '1$$1', '12000$$12000', '18$$18', '12000$$12000', 0, '2022', '2023-03-31', '2023-03-31 16:51:55'),
(221, '1', '2023-03-31', '220', 'TS-2022-2023/220', '9', '10', '208', 'BLUE ', '867836052131090', '1', '9000', '18', '9000', 0, '2022', '2023-03-31', '2023-03-31 16:56:51'),
(222, '1', '2023-03-31', '221', 'TS-2022-2023/221', '9', '10', '204', 'BLUE ', '862201055648712', '1', '16000', '18', '16000', 0, '2022', '2023-03-31', '2023-03-31 16:58:28'),
(223, '1', '2023-03-31', '222', 'TS-2022-2023/222', '9', '10', '209', 'BLUE ', '862847055958426', '1', '14000', '18', '14000', 0, '2022', '2023-03-31', '2023-03-31 17:00:50'),
(224, '1', '2023-03-31', '223', 'TS-2022-2023/223', '9', '10', '210', 'GREEN ', '860801065812885', '1', '8000', '18', '8000', 0, '2022', '2023-03-31', '2023-03-31 17:03:56'),
(225, '1', '2023-03-31', '224', 'TS-2022-2023/224', '9', '11', '211', 'LUMINA BLUE ', '864015069636879', '1', '16000', '18', '16000', 0, '2022', '2023-03-31', '2023-03-31 17:08:35'),
(226, '1', '2023-03-31', '225', 'TS-2022-2023/225', '9', '12$$12', '212$$212', 'GREY $$GREY ', '355320880911311$$355320881106457', '1$$1', '10000$$10000', '18$$18', '10000$$10000', 0, '2022', '2023-03-31', '2023-03-31 17:16:32'),
(227, '1', '2023-03-31', '226', 'TS-2022-2023/226', '9', '12', '214', 'WHITE ', '350092233425811', '1', '9000', '18', '9000', 0, '2022', '2023-03-31', '2023-03-31 17:17:50'),
(228, '1', '2023-03-31', '227', 'TS-2022-2023/227', '9', '12', '213', 'RED ', '356206205050415', '1', '11000', '18', '11000', 0, '2022', '2023-03-31', '2023-03-31 17:19:06'),
(229, '1', '2023-03-31', '228', 'TS-2022-2023/228', '9', '6', '215', 'GREEN ', '355305616906313', '1', '45000', '18', '45000', 0, '2022', '2023-03-31', '2023-03-31 17:27:21'),
(230, '1', '2023-03-31', '229', 'TS-2022-2023/229', '9', '9', '51', 'SILIVER ', '865780062965018', '1', '40000', '18', '40000', 2, '2022', '2023-03-31', '2023-03-31 17:37:03'),
(231, '1', '2023-03-31', '230', 'TS-2022-2023/230', '9', '9', '216', 'BLUE ', '869964060162614', '1', '21000', '18', '21000', 2, '2022', '2023-03-31', '2023-03-31 17:42:23'),
(232, '1', '2023-03-31', '231', 'TS-2022-2023/231', '10', '9', '51', 'SILVER ', '865780062965018', '1', '40000', '18', '40000', 0, '2022', '2023-03-31', '2023-03-31 18:17:17'),
(233, '1', '2023-03-31', '232', 'TS-2022-2023/232', '10', '9', '216', 'BLUE ', '869964060162614', '1', '22000', '18', '22000', 0, '2022', '2023-03-31', '2023-03-31 18:18:00'),
(234, '1', '2023-04-01', '1', 'TS-2023-2024/1', '10', '9', '53', 'BLUE ', '869388050400596', '1', '34000', '18', '34000', 0, '2023', '2023-04-01', '2023-04-01 17:16:35'),
(235, '1', '2023-04-01', '2', 'TS-2023-2024/2', '10', '9', '50', 'GREEN', '866775060427739', '1', '41000', '18', '41000', 0, '2023', '2023-04-01', '2023-04-01 17:20:43'),
(236, '1', '2023-04-01', '3', 'TS-2023-2024/3', '10', '9', '51', 'BLACK ', '865780061892775', '1', '41000', '18', '41000', 0, '2023', '2023-04-01', '2023-04-01 17:22:54'),
(237, '1', '2023-04-01', '4', 'TS-2023-2024/4', '10', '9', '55', 'GREY', '869559069478092', '1', '24000', '18', '24000', 0, '2023', '2023-04-01', '2023-04-01 17:25:22'),
(238, '1', '2023-04-02', '5', 'TS-2023-2024/5', '10', '9', '53', 'SKY', '869388051904059', '1', '41000', '18', '41000', 0, '2023', '2023-04-02', '2023-04-02 10:49:09'),
(239, '1', '2023-04-02', '6', 'TS-2023-2024/6', '10', '9', '52', 'BLACK ', '869437050256019', '1', '35000', '18', '35000', 0, '2023', '2023-04-02', '2023-04-02 11:39:30'),
(240, '1', '2023-04-02', '7', 'TS-2023-2024/7', '10', '9$$9', '49$$49', 'BLACK $$EMERALD', '868368052523190$$868368052615657', '1$$1', '65000$$65000', '18$$18', '65000$$65000', 0, '2023', '2023-04-02', '2023-04-02 11:46:05'),
(241, '1', '2023-04-02', '8', 'TS-2023-2024/8', '10', '9$$9$$9$$9', '48$$48$$48$$48', 'BLUE $$BLACK $$BLACK $$BLACK ', '861484060522152$$861484060585258$$861484061799437$$861484060651373', '1$$1$$1$$1', '15000$$15000$$15000$$15000', '18$$18$$18$$18', '15000$$15000$$15000$$15000', 0, '2023', '2023-04-02', '2023-04-02 11:56:27'),
(242, '1', '2023-04-02', '9', 'TS-2023-2024/9', '9', '5$$5$$5$$5', '68$$68$$68$$56', 'GOLD$$GOLD $$GOLD $$GOLD ', '860617041195322$$860036042255680$$867303034786673$$862519041753829', '1$$1$$1$$1', '8000$$8000$$8000$$8000', '18$$18$$18$$18', '8000$$8000$$8000$$8000', 0, '2023', '2023-04-02', '2023-04-02 12:30:15'),
(243, '1', '2023-04-02', '10', 'TS-2023-2024/10', '9', '5', '67', 'GREEN ', '866592066168237', '1', '8000', '18', '8000', 0, '2023', '2023-04-02', '2023-04-02 12:34:05'),
(244, '1', '2023-04-02', '11', 'TS-2023-2024/11', '9', '5', '66', 'BLUE ', '867332053725023', '1', '9000', '18', '9000', 0, '2023', '2023-04-02', '2023-04-02 12:42:57'),
(245, '1', '2023-04-02', '12', 'TS-2023-2024/12', '9', '5', '65', 'BLACK ', '869406051048717', '1', '28000', '18', '28000', 0, '2023', '2023-04-02', '2023-04-02 12:50:12'),
(246, '1', '2023-04-02', '13', 'TS-2023-2024/13', '9', '5', '64', 'SILVER ', '864701050533395', '1', '47000', '18', '47000', 0, '2023', '2023-04-02', '2023-04-02 12:53:31'),
(247, '1', '2023-04-02', '14', 'TS-2023-2024/14', '9', '5', '62', 'WHITE ', '863190052336356', '1', '14500', '18', '14500', 0, '2023', '2023-04-02', '2023-04-02 12:57:20'),
(248, '1', '2023-04-02', '15', 'TS-2023-2024/15', '9', '5', '63', 'SILVER', '868327050279759', '1', '39000', '18', '39000', 0, '2023', '2023-04-02', '2023-04-02 13:02:01'),
(249, '1', '2023-04-02', '16', 'TS-2023-2024/16', '9', '5$$5', '62$$62', 'GREEN $$GREEN ', '864581052821919$$863190053930157', '1$$1', '14500$$14500', '18$$18', '14500$$14500', 0, '2023', '2023-04-02', '2023-04-02 13:16:47'),
(250, '1', '2023-04-02', '17', 'TS-2023-2024/17', '9', '5', '61', 'SILVER ', '860825056789216', '1', '15000', '18', '15000', 0, '2023', '2023-04-02', '2023-04-02 13:21:31'),
(251, '1', '2023-04-02', '18', 'TS-2023-2024/18', '9', '5', '60', 'BLACK ', '868448049143714', '1', '18000', '18', '18000', 0, '2023', '2023-04-02', '2023-04-02 14:08:45'),
(252, '1', '2023-04-02', '19', 'TS-2023-2024/19', '9', '5$$5', '59$$59', 'BLACK $$BLUE ', '862921042643159$$863118047104870', '1$$1', '17000$$17000', '18$$18', '17000$$17000', 0, '2023', '2023-04-02', '2023-04-02 14:13:21'),
(253, '1', '2023-04-02', '20', 'TS-2023-2024/20', '9', '5$$5', '58$$58', 'BLUE $$BLUE', '861461065170633$$86141068822032', '1$$1', '11000$$11000', '18$$18', '11000$$11000', 0, '2023', '2023-04-02', '2023-04-02 14:17:38'),
(254, '1', '2023-04-02', '21', 'TS-2023-2024/21', '9', '5$$5$$5$$5$$5$$5', '57$$57$$57$$57$$57$$57', 'BLUE$$GREEN$$BLUE $$GREEN $$BLUE $$BLUE ', '861896067262864$$862123061245764$$860882063144000$$862305069374627$$862305069941540$$860882065031247', '1$$1$$1$$1$$1$$1', '8000$$8000$$8000$$8000$$8000$$8000', '18$$18$$18$$18$$18$$18', '8000$$8000$$8000$$8000$$8000$$8000', 0, '2023', '2023-04-02', '2023-04-02 14:30:24'),
(255, '1', '2023-04-02', '22', 'TS-2023-2024/22', '9', '5$$5$$5$$5$$5$$5$$5$$5$$5$$5$$5$$5$$5$$5$$5$$5$$5', '56$$56$$56$$56$$56$$56$$56$$56$$56$$56$$56$$56$$56$$56$$56$$56$$56', 'BLUE $$BLACK $$BLUE $$BLUE $$BLACK $$BLACK $$BLUE$$BLUE $$BLUE $$SILVER $$BLUE $$BLUE $$BLUE $$BLUE $$SILVER $$BLUE $$SILVER ', '868480045646788$$861506061860957$$868480045646887$$861506061831156$$861506061861757$$861506061115568$$861506061831115$$861506061845594$$868480045652505$$851506061121145$$861506061123521$$861506061122440$$861506061122382$$868480045653289$$861506061134528$$861506061123562$$861506061120600', '1$$1$$1$$1$$1$$1$$1$$1$$1$$1$$1$$1$$1$$1$$1$$1$$1', '11000$$11000$$11000$$11000$$11000$$11000$$11000$$11000$$11000$$11000$$11000$$11000$$11000$$11000$$11000$$11000$$11000', '18$$18$$18$$18$$18$$18$$18$$18$$18$$18$$18$$18$$18$$18$$18$$18$$18', '11000$$11000$$11000$$11000$$11000$$11000$$11000$$11000$$11000$$11000$$11000$$11000$$11000$$11000$$11000$$11000$$11000', 0, '2023', '2023-04-02', '2023-04-02 14:58:24'),
(256, '1', '2023-04-04', '23', 'TS-2023-2024/23', '9', '4', '79', 'GREY ', '867777054420752', '1', '12000', '18', '12000', 0, '2023', '2023-04-04', '2023-04-04 11:03:06'),
(257, '1', '2023-04-04', '24', 'TS-2023-2024/24', '9', '4', '84', 'GREY ', '867095056957493', '1', '13000', '18', '13000', 0, '2023', '2023-04-04', '2023-04-04 11:05:24'),
(258, '1', '2023-04-04', '25', 'TS-2023-2024/25', '9', '4', '82', 'GREEN ', '863896053176498', '1', '10000', '18', '10000', 0, '2023', '2023-04-04', '2023-04-04 11:09:44'),
(259, '1', '2023-04-04', '26', 'TS-2023-2024/26', '9', '4', '80', 'BLACK ', '866805058278859', '1', '8500', '18', '8500', 0, '2023', '2023-04-04', '2023-04-04 11:12:45'),
(260, '1', '2023-04-04', '27', 'TS-2023-2024/27', '9', '5', '83', 'RED ', '867482045271659', '1', '19000', '18', '19000', 0, '2023', '2023-04-04', '2023-04-04 11:15:39'),
(261, '1', '2023-04-04', '28', 'TS-2023-2024/28', '9', '4', '82', 'GREEN ', '863896052798755', '1', '10000', '18', '10000', 0, '2023', '2023-04-04', '2023-04-04 11:22:28'),
(262, '1', '2023-04-04', '29', 'TS-2023-2024/29', '9', '4', '81', 'GREEN ', '860609062705113', '1', '10000', '18', '10000', 0, '2023', '2023-04-04', '2023-04-04 11:26:40'),
(263, '1', '2023-04-04', '30', 'TS-2023-2024/30', '9', '4', '71', 'BLACK ', '863802065758133', '1', '12000', '18', '12000', 0, '2023', '2023-04-04', '2023-04-04 11:29:06'),
(264, '1', '2023-04-04', '31', 'TS-2023-2024/31', '9', '4', '73', 'GREEN ', '863802061885690', '1', '11000', '18', '11000', 0, '2023', '2023-04-04', '2023-04-04 11:31:06'),
(265, '1', '2023-04-04', '32', 'TS-2023-2024/32', '9', '4$$4', '72$$72', 'BLUE $$BLUE ', '868176052011458$$868176052009858', '1$$1', '8000$$8000', '18$$18', '8000$$8000', 0, '2023', '2023-04-04', '2023-04-04 11:34:02'),
(266, '1', '2023-04-04', '33', 'TS-2023-2024/33', '9', '4$$4', '71$$71', 'GREEN $$GREEN', '861542064220915$$864874064385050', '1$$1', '11000$$11000', '18$$18', '11000$$11000', 0, '2023', '2023-04-04', '2023-04-04 11:40:48'),
(267, '1', '2023-04-04', '34', 'TS-2023-2024/34', '9', '4', '80', 'GREEN ', '869460059768156', '1', '8000', '18', '8000', 0, '2023', '2023-04-04', '2023-04-04 11:47:05'),
(268, '1', '2023-04-04', '35', 'TS-2023-2024/35', '9', '4', '70', 'BLUE ', '864412062802295', '1', '16500', '18', '16500', 0, '2023', '2023-04-04', '2023-04-04 11:51:18'),
(269, '1', '2023-04-04', '36', 'TS-2023-2024/36', '9', '4$$4', '69$$69', 'BLUE $$BLUE ', '861324065718316$$861324065737753', '1$$1', '14000$$14000', '18$$18', '14000$$14000', 0, '2023', '2023-04-04', '2023-04-04 11:54:32'),
(270, '1', '2023-04-04', '37', 'TS-2023-2024/37', '9', '4', '77', 'BLUE ', '862448053415657', '1', '17000', '18', '17000', 0, '2023', '2023-04-04', '2023-04-04 12:03:12'),
(271, '1', '2023-04-04', '38', 'TS-2023-2024/38', '9', '4', '76', 'BLUE ', '860920058375138', '1', '9000', '18', '9000', 0, '2023', '2023-04-04', '2023-04-04 12:06:10'),
(272, '1', '2023-04-04', '38', 'TS-2023-2024/38', '9', '4', '79', 'GREY ', '867777053390774', '1', '12000', '18', '12000', 0, '2023', '2023-04-04', '2023-04-04 12:09:33'),
(273, '1', '2023-04-04', '39', 'TS-2023-2024/39', '9', '4$$4', '74$$74', 'SILVER $$SILVER ', '862839055561110$$862839054714330', '1$$1', '12000$$12000', '18$$18', '12000$$12000', 0, '2023', '2023-04-04', '2023-04-04 12:12:54'),
(274, '1', '2023-04-04', '40', 'TS-2023-2024/40', '9', '4', '77', 'BLACK ', '863519059629316', '1', '17000', '18', '17000', 0, '2023', '2023-04-04', '2023-04-04 12:15:42'),
(275, '1', '2023-04-05', '41', 'TS-2023-2024/41', '9', '4', '217', 'DARK MATTER', '865493063219878', '1', '26500', '18', '26500', 0, '2023', '2023-04-05', '2023-04-05 15:13:27'),
(276, '1', '2023-04-05', '42', 'TS-2023-2024/42', '2', '2$$2$$2$$2', '156$$156$$156$$156', 'BLACK $$BLUE $$BLUE $$BLACK ', '860838063470977$$860838063965570$$860838063965992$$860838063470290', '1$$1$$1$$1', '20000$$20000$$20000$$20000', '18$$18$$18$$18', '20000$$20000$$20000$$20000', 0, '2023', '2023-04-05', '2023-04-05 15:27:54'),
(277, '1', '2023-04-05', '43', 'TS-2023-2024/43', '2', '2$$2$$2$$2', '7$$7$$7$$7', 'GREEN $$BLACK $$BLACK $$GREEN ', '864397069774136$$864397068046478$$864397068043939$$864397069774177', '1$$1$$1$$1', '15000$$15000$$15000$$15000', '18$$18$$18$$18', '15000$$15000$$15000$$15000', 0, '2023', '2023-04-05', '2023-04-05 15:31:21'),
(278, '1', '2023-04-05', '44', 'TS-2023-2024/44', '2', '2$$2$$2', '8$$8$$8', 'BLUE $$BLACK $$ORANGE ', '862611064728737$$862611066086878$$862611063592654', '1$$1$$1', '13500$$13500$$13500', '18$$18$$18', '13500$$13500$$13500', 0, '2023', '2023-04-05', '2023-04-05 15:33:35'),
(279, '1', '2023-04-05', '45', 'TS-2023-2024/45', '2', '2$$2$$2', '11$$11$$11', 'BLUE $$BLUE $$BLUE ', '860150066253552$$860150066253891$$860150066252919', '1$$1$$1', '11500$$11500$$11500', '18$$18$$18', '11500$$11500$$11500', 0, '2023', '2023-04-05', '2023-04-05 15:36:40'),
(280, '1', '2023-04-05', '46', 'TS-2023-2024/46', '2', '2$$2$$2$$2', '16$$16$$16$$16', 'GOLD $$BLACK $$BLACK $$GOLD ', '867426068115558$$867426067335132$$867426067335678$$867426068116416', '1$$1$$1$$1', '30000$$30000$$30000$$30000', '18$$18$$18$$18', '30000$$30000$$30000$$30000', 0, '2023', '2023-04-05', '2023-04-05 15:39:22'),
(281, '1', '2023-04-05', '47', 'TS-2023-2024/47', '2', '2$$2', '4$$4', 'GOLD $$GOLD ', '864904062339070$$863534060151119', '1$$1', '27000$$27000', '18$$18', '27000$$27000', 0, '2023', '2023-04-05', '2023-04-05 15:41:19'),
(282, '1', '2023-04-05', '48', 'TS-2023-2024/48', '9', '6', '218', 'PURPLE', '353763693526051', '1', '70000', '18', '70000', 0, '2023', '2023-04-05', '2023-04-05 15:47:50'),
(283, '1', '2023-04-05', '49', 'TS-2023-2024/49', '9', '9', '219', 'JADE FOG ', '865546061536815', '1', '35000', '18', '35000', 0, '2023', '2023-04-05', '2023-04-05 15:51:14'),
(284, '1', '2023-04-07', '50', 'TS-2023-2024/50', '1', '3', '36', 'NOBLE BLACK ', '863067065384575', '1', '33000', '18', '33000', 0, '2023', '2023-04-07', '2023-04-07 10:32:31'),
(285, '1', '2023-04-07', '51', 'TS-2023-2024/51', '1', '3$$3$$3', '22$$22$$22', 'BLACK $$GOLD $$GOLD ', '862207063327876$$862207064844895$$862207066724194', '1$$1$$1', '12500$$12500$$12500', '18$$18$$18', '12500$$12500$$12500', 0, '2023', '2023-04-07', '2023-04-07 10:34:41'),
(286, '1', '2023-04-07', '52', 'TS-2023-2024/52', '1', '3', '44', 'ORANGE ', '863595067807854', '1', '20000', '18', '20000', 0, '2023', '2023-04-07', '2023-04-07 10:36:05'),
(287, '1', '2023-04-07', '53', 'TS-2023-2024/53', '1', '3$$3$$3$$3', '25$$25$$25$$25', 'GREEN $$GREEN $$GREEN $$GREEN ', '863340063493718$$863340063491738$$863340063492439$$863340063493353', '1$$1$$1$$1', '14500$$14500$$14500$$14500', '18$$18$$18$$18', '14500$$14500$$14500$$14500', 0, '2023', '2023-04-07', '2023-04-07 10:38:33'),
(288, '1', '2023-04-07', '54', 'TS-2023-2024/54', '1', '3$$3', '22$$22', 'BLACK  $$GOLD ', '862207063158750$$862207066701432', '1$$1', '13500$$13500', '18$$18', '13500$$13500', 0, '2023', '2023-04-07', '2023-04-07 10:42:55'),
(289, '1', '2023-04-07', '55', 'TS-2023-2024/55', '1', '3', '44', 'ORANGE ', '863595067807177', '1', '20000', '18', '20000', 0, '2023', '2023-04-07', '2023-04-07 10:43:47'),
(290, '1', '2023-04-08', '56', 'TS-2023-2024/56', '1', '3', '36', 'BLUE ', '863067065124138', '1', '32000', '18', '32000', 0, '2023', '2023-04-08', '2023-04-08 11:25:56'),
(291, '1', '2023-04-08', '57', 'TS-2023-2024/57', '1', '3', '36', 'BLUE ', '863067065401635', '1', '32000', '18', '32000', 0, '2023', '2023-04-08', '2023-04-08 11:26:30'),
(292, '1', '2023-04-08', '58', 'TS-2023-2024/58', '1', '3$$3', '44$$44', 'ORANGE $$ORANGE ', '863595067811393$$863595067809090', '1$$1', '20000$$20000', '18$$18', '20000$$20000', 0, '2023', '2023-04-08', '2023-04-08 11:28:31'),
(293, '1', '2023-04-08', '59', 'TS-2023-2024/59', '1', '3$$3$$3$$3', '18$$18$$18$$18', 'GOLD $$GOLD $$GOLD $$GREY ', '868236069136035$$868236069147636$$868236069147032$$868236066961179', '1$$1$$1$$1', '9000$$9000$$9000$$9000', '18$$18$$18$$18', '9000$$9000$$9000$$9000', 2, '2023', '2023-04-08', '2023-04-08 11:33:28'),
(294, '1', '2023-04-08', '60', 'TS-2023-2024/60', '1', '3$$3$$3$$3', '22$$22$$22$$22', 'GOLD $$GOLD $$GOLD $$BLACK ', '862207062270192$$862207062173693$$862207063242778$$862207063823452', '1$$1$$1$$1', '13500$$13500$$13500$$13500', '18$$18$$18$$18', '13500$$13500$$13500$$13500', 0, '2023', '2023-04-08', '2023-04-08 11:37:04'),
(295, '1', '2023-04-08', '61', 'TS-2023-2024/61', '1', '3$$3$$3$$3', '26$$26$$26$$26', 'GREEN $$BLUE $$BLUE $$BLUE ', '863340064700855$$863340062646399$$863340062642257$$863340062642273', '1$$1$$1$$1', '16500$$16500$$16500$$16500', '18$$18$$18$$18', '16500$$16500$$16500$$16500', 0, '2023', '2023-04-08', '2023-04-08 11:39:50'),
(296, '1', '2023-04-08', '62', 'TS-2023-2024/62', '1', '3$$3', '20$$20', 'BLACK $$BLACK ', '862682068563032$$865905063855898', '1$$1', '10000$$10000', '18$$18', '10000$$10000', 0, '2023', '2023-04-08', '2023-04-08 11:42:06'),
(297, '1', '2023-03-29', '233', 'TS-2022-2023/233', '1', '3$$3', '38$$39', 'BLIE $$BLUE ', '866670067517154$$866670067523574', '1$$1', '37000$$37000', '18$$18', '37000$$37000', 0, '2022', '2023-04-09', '2023-04-09 11:24:04'),
(298, '1', '2023-04-08', '63', 'TS-2023-2024/63', '1', '3$$3$$3$$3', '220$$220$$220$$220', 'GOLD $$GOLD $$GOLD $$GREY ', '868236069485770$$868236069147636$$868236069147032$$868236066961179', '1$$1$$1$$1', '9000$$9000$$9000$$9000', '18$$18$$18$$18', '9000$$9000$$9000$$9000', 0, '2023', '2023-04-09', '2023-04-09 12:09:18'),
(299, '1', '2023-04-11', '64', 'TS-2023-2024/64', '3', '1$$1$$1$$1', '221$$221$$221$$221', 'COPPER$$COPPER $$COPPER $$COPPER ', '357962502293426$$357962502294754$$357962502294457$$357962502293335', '1$$1$$1$$1', '12000$$12000$$12000$$12000', '18$$18$$18$$18', '12000$$12000$$12000$$12000', 0, '2023', '2023-04-11', '2023-04-11 14:57:07'),
(300, '1', '2023-04-11', '65', 'TS-2023-2024/65', '3', '1$$1$$1$$1', '222$$222$$222$$222', 'GREEN $$GREEN $$GREEN $$GREEN ', '354320271060984$$354320271038493$$354320271038907$$354320271074001', '1$$1$$1$$1', '10500$$10500$$10500$$10500', '18$$18$$18$$18', '10500$$10500$$10500$$10500', 0, '2023', '2023-04-11', '2023-04-11 14:59:26'),
(301, '1', '2023-04-11', '66', 'TS-2023-2024/66', '1', '3', '36', 'BLUE ', '863067065092053', '1', '33000', '18', '33000', 0, '2023', '2023-04-11', '2023-04-11 17:21:19'),
(302, '1', '2023-04-11', '67', 'TS-2023-2024/67', '1', '3', '38', 'BLUE ', '866670067012073', '1', '38000', '18', '38000', 0, '2023', '2023-04-11', '2023-04-11 17:22:10'),
(303, '1', '2023-04-15', '68', 'TS-2023-2024/68', '2', '2$$2$$2$$2$$2', '11$$11$$11$$11$$11', 'BLUE $$BLUE $$GOLD  $$GOLD $$BLUET', '860150066112592$$860150066112253$$860150065172498$$860150065168033$$860150066111859', '1$$1$$1$$1$$1', '10000$$10000$$10000$$10000$$10000', '18$$18$$18$$18$$18', '10000$$10000$$10000$$10000$$10000', 0, '2023', '2023-04-15', '2023-04-15 10:40:38'),
(304, '1', '2023-04-15', '69', 'TS-2023-2024/69', '2', '2$$2$$2$$2$$2', '8$$8$$8$$8$$8', 'ORANGE $$BLACK $$BLACK $$BLUE $$BLUE ', '862611069487297$$862611068124651$$862611068129338$$862611067398538$$862611067399015', '1$$1$$1$$1$$1', '12500$$12500$$12500$$12500$$12500', '18$$18$$18$$18$$18', '12500$$12500$$12500$$12500$$12500', 0, '2023', '2023-04-15', '2023-04-15 10:44:16'),
(305, '1', '2023-04-15', '70', 'TS-2023-2024/70', '2', '2', '8', 'ORANGE ', '862611069487511', '1', '12500', '18', '12500', 0, '2023', '2023-04-15', '2023-04-15 10:47:27'),
(306, '1', '2023-04-15', '71', 'TS-2023-2024/71', '2', '2', '11', 'GOLD ', '860150065166417', '1', '10000', '18', '10000', 0, '2023', '2023-04-15', '2023-04-15 10:48:00'),
(307, '1', '2023-04-15', '72', 'TS-2023-2024/72', '2', '2$$2$$2$$2$$2', '7$$7$$7$$7$$7', 'GREEN $$GREEN $$GREEN$$GREEN$$GREEN ', '865768060509672$$865768060508955$$865768060509698$$865768060509714$$865768060509755', '1$$1$$1$$1$$1', '15000$$15000$$15000$$15000$$15000', '18$$18$$18$$18$$18', '15000$$15000$$15000$$15000$$15000', 0, '2023', '2023-04-15', '2023-04-15 10:51:12'),
(308, '1', '2023-04-15', '73', 'TS-2023-2024/73', '2', '2$$2$$2', '16$$16$$16', 'BLACK$$GOLD $$GOLD ', '867426067337179$$867426069257037$$867426069256690', '1$$1$$1', '32000$$32000$$32000', '18$$18$$18', '32000$$32000$$32000', 0, '2023', '2023-04-15', '2023-04-15 10:54:09'),
(309, '1', '2023-04-15', '74', 'TS-2023-2024/74', '3', '1$$1$$1$$1$$1$$1$$1$$1$$1$$1', '85$$85$$85$$85$$85$$85$$85$$85$$85$$85', 'BRONZE $$BRONZE $$BRONZE$$BRONZE $$BRONZE$$ONYX$$ONYX $$ONYX $$ONYX$$ONYX ', '350655753581971$$351314619750888$$351314619762321$$351314619751241$$351314619759731$$351314619029903$$351314619007834$$351314619028889$$350655752848033$$350655752911138', '1$$1$$1$$1$$1$$1$$1$$1$$1$$1', '8000$$8000$$8000$$8000$$8000$$8000$$8000$$8000$$8000$$8000', '18$$18$$18$$18$$18$$18$$18$$18$$18$$18', '8000$$8000$$8000$$8000$$8000$$8000$$8000$$8000$$8000$$8000', 0, '2023', '2023-04-15', '2023-04-15 11:02:32'),
(310, '1', '2023-04-15', '75', 'TS-2023-2024/75', '3', '1$$1$$1', '222$$222$$222', 'GREEN $$GREEN  $$GREEN ', '354320271047783$$354320271074498$$354320271076329', '1$$1$$1', '9500$$9500$$9500', '18$$18$$18', '9500$$9500$$9500', 0, '2023', '2023-04-15', '2023-04-15 11:05:19'),
(311, '1', '2023-04-15', '76', 'TS-2023-2024/76', '3', '1$$1$$1', '94$$94$$94', 'GREEN $$GREEN $$GREEN ', '358799693832334$$358799693814688$$358799693784667', '1$$1$$1', '13500$$13500$$13500', '18$$18$$18', '13500$$13500$$13500', 0, '2023', '2023-04-15', '2023-04-15 11:07:50'),
(312, '1', '2023-04-15', '77', 'TS-2023-2024/77', '3', '1$$1$$1', '141$$141$$141', 'BLUE $$BLUE $$BLUE ', '351940695076648$$351940695084501$$351940695075459', '1$$1$$1', '18500$$18500$$18500', '18$$18$$18', '18500$$18500$$18500', 0, '2023', '2023-04-15', '2023-04-15 11:11:19'),
(313, '1', '2023-04-15', '78', 'TS-2023-2024/78', '3', '1', '100', 'BLACK ', '350894213886957', '1', '21000', '18', '21000', 0, '2023', '2023-04-15', '2023-04-15 11:45:47'),
(314, '1', '2023-04-15', '79', 'TS-2023-2024/79', '3', '1', '108', 'GREEN ', '355066968615577', '1', '74000', '18', '74000', 0, '2023', '2023-04-15', '2023-04-15 11:46:15'),
(315, '1', '2023-04-15', '80', 'TS-2023-2024/80', '1', '3$$3$$3$$3', '22$$22$$22$$22', 'BLACK $$GOLD $$BLACK$$GOLD', '962207063821670$$962207063822611$$962207062002751$$962207062001878', '1$$1$$1$$1', '12000$$12000$$12000$$12000', '18$$18$$18$$18', '12000$$12000$$12000$$12000', 0, '2023', '2023-04-15', '2023-04-15 12:19:45'),
(316, '1', '2023-04-15', '81', 'TS-2023-2024/81', '1', '3', '1', 'BLACK ', '868386069794372', '1', '24000', '18', '24000', 0, '2023', '2023-04-15', '2023-04-15 12:21:18'),
(317, '1', '2023-04-15', '82', 'TS-2023-2024/82', '1', '3$$3', '36$$36', 'BLACK $$BLACK ', '863067064540276$$863067064542694', '1$$1', '33000$$33000', '18$$18', '33000$$33000', 0, '2023', '2023-04-15', '2023-04-15 12:23:28'),
(318, '1', '2023-04-15', '83', 'TS-2023-2024/83', '1', '3', '37', 'BLUE ', '869657068974630', '1', '37000', '18', '37000', 0, '2023', '2023-04-15', '2023-04-15 12:25:08'),
(319, '1', '2023-04-15', '84', 'TS-2023-2024/84', '1', '3$$3$$3$$3$$3', '220$$220$$220$$220$$220', 'GOLD $$GREY $$GOLD $$BLUE$$GOLD ', '868236069146539$$868236066953374$$868236069144096$$861175069373395$$868236069145333', '1$$1$$1$$1$$1', '9000$$9000$$9000$$9000$$9000', '18$$18$$18$$18$$18', '9000$$9000$$9000$$9000$$9000', 0, '2023', '2023-04-15', '2023-04-15 15:51:35'),
(320, '1', '2023-04-15', '85', 'TS-2023-2024/85', '1', '3$$3$$3$$3$$3', '22$$22$$22$$22$$22', 'GOLD $$GOLD $$BLACK $$GOLD$$GOLD ', '862207061985592$$862207061999734$$862207063338857$$862207062002199$$862207062002694', '1$$1$$1$$1$$1', '12500$$12500$$12500$$12500$$12500', '18$$18$$18$$18$$18', '12500$$12500$$12500$$12500$$12500', 0, '2023', '2023-04-15', '2023-04-15 15:55:24'),
(321, '1', '2023-04-15', '86', 'TS-2023-2024/86', '1', '3$$3', '44$$44', 'ORANGE $$ORANGE ', '863595069264757$$863595069264815', '1$$1', '20000$$20000', '18$$18', '20000$$20000', 0, '2023', '2023-04-15', '2023-04-15 15:58:39'),
(322, '1', '2023-04-15', '87', 'TS-2023-2024/87', '1', '3$$3', '36$$36', 'BLACK $$BLACK ', '863067064521532$$863067064540136', '1$$1', '33000$$33000', '18$$18', '33000$$33000', 0, '2023', '2023-04-15', '2023-04-15 16:00:17'),
(323, '1', '2023-04-15', '88', 'TS-2023-2024/88', '1', '3', '37', 'BLUE ', '869657068974010', '1', '37000', '18', '37000', 0, '2023', '2023-04-15', '2023-04-15 16:01:13'),
(324, '1', '2023-04-16', '89', 'TS-2023-2024/89', '6', '10$$10', '223$$223', 'BLUE $$GREEN ', '860801060192820$$860801064377427', '1$$1', '7000$$7000', '18$$18', '7000$$7000', 0, '2023', '2023-04-16', '2023-04-16 13:05:43'),
(325, '1', '2023-04-16', '90', 'TS-2023-2024/90', '1', '3$$3$$3$$3$$3$$3$$3$$3$$3$$3', '22$$22$$22$$22$$22$$22$$22$$22$$22$$22', 'GOLD $$GOLD $$GOLD $$GOLD $$GOLD $$BLACK $$BLACK $$BLACK $$BLACK $$BLACK ', '869842064117059$$869842064115913$$869842064116051$$869842064111136$$869842064114916$$869842064192177$$869842064185213$$869842065057254$$869842064183796$$869842064192730', '1$$1$$1$$1$$1$$1$$1$$1$$1$$1', '12500$$12500$$12500$$12500$$12500$$12500$$12500$$12500$$12500$$12500', '18$$18$$18$$18$$18$$18$$18$$18$$18$$18', '12500$$12500$$12500$$12500$$12500$$12500$$12500$$12500$$12500$$12500', 0, '2023', '2023-04-16', '2023-04-16 15:54:53'),
(326, '1', '2024-10-16', '1', 'TS-2024-2025/1', '1', '1', '224', 'White', '865214521445224', '1', '59750', '18', '59750', 0, '2024', '2024-10-16', '2024-10-16 11:46:33'),
(327, '1', '2024-10-16', '2', 'TS-2024-2025/2', '1', '1$$1$$1', '225$$225$$225', 'Olive Green$$White$$Purple', '865214521445225$$865214521445245$$865214521445298', '1$$1$$1', '59750$$59750$$59750', '18$$18$$18', '59750$$59750$$59750', 0, '2024', '2024-10-16', '2024-10-16 12:03:08'),
(328, '1', '2024-10-16', '3', 'TS-2024-2025/3', '1', '1', '226', 'White', '865214521478944', '5', '119999', '18', '119999', 0, '2024', '2024-10-16', '2024-10-16 12:36:47'),
(329, '1', '2024-10-16', '4', 'TS-2024-2025/4', '6', '1$$1$$1$$1', '227$$227$$227$$227', 'White$$Olive Green$$Black$$White', '865214521445211$$865214521445212$$865214521445213$$865214521445214', '1$$1$$1$$1', '129999$$129999$$129999$$129999', '18$$18$$18$$18', '129999$$129999$$129999$$129999', 0, '2024', '2024-10-16', '2024-10-16 14:31:56'),
(330, '1', '2025-02-28', '5', 'TS-2024-2025/5', '1', '1', '95', 'Black', '123123', '5', '5000', '18', '5000', 0, '2024', '2025-02-28', '2025-02-28 15:09:08'),
(331, '1', '2025-04-07', '1', 'TS-2025-2026/1', '1', '1$$1', '85$$85', 'White$$White', '865214521445246$$865214521445227', '1$$1', '59750$$59750', '18$$18', '70505.00$$70505.00', 0, '2025', '2025-04-07', '2025-04-07 16:13:10');

-- --------------------------------------------------------

--
-- Table structure for table `tblsale`
--

CREATE TABLE `tblsale` (
  `id` bigint(20) UNSIGNED NOT NULL,
  `BillNo` text DEFAULT NULL,
  `CStore` text DEFAULT NULL,
  `orderno` text DEFAULT NULL,
  `SaleDate` text DEFAULT NULL,
  `customer` text DEFAULT NULL,
  `Category` text DEFAULT NULL,
  `Product` text DEFAULT NULL,
  `variant` text DEFAULT NULL,
  `imei` text DEFAULT NULL,
  `Qty` text DEFAULT NULL,
  `colour` text DEFAULT NULL,
  `MRP` text DEFAULT NULL,
  `Discount` text DEFAULT NULL,
  `Total` text DEFAULT NULL,
  `PaymentMethod` text DEFAULT NULL,
  `Status` int(11) NOT NULL DEFAULT 0,
  `FinancialYear` text DEFAULT NULL,
  `AddedDate` text DEFAULT NULL,
  `CreatedDate` text DEFAULT NULL
) ENGINE=InnoDB DEFAULT CHARSET=latin1 COLLATE=latin1_swedish_ci;

--
-- Dumping data for table `tblsale`
--

INSERT INTO `tblsale` (`id`, `BillNo`, `CStore`, `orderno`, `SaleDate`, `customer`, `Category`, `Product`, `variant`, `imei`, `Qty`, `colour`, `MRP`, `Discount`, `Total`, `PaymentMethod`, `Status`, `FinancialYear`, `AddedDate`, `CreatedDate`) VALUES
(1, '1', '1', 'TS-2022-2023/1', '2023-03-29', '7', '1', '85', NULL, '6935117856957', '1', 'BLACK ', '8000', '10', '7200', 'Online', 0, '2022', '2023-03-29', '2023-03-29 15:29:44'),
(2, '2', '1', 'TS-2022-2023/2', '2023-03-31', '8', '2', '4', NULL, '864904060973771', '1', 'BLACK ', '26000', '10', '23400', 'Finance', 2, '2022', '2023-03-31', '2023-03-31 15:42:36'),
(3, '1', '1', 'TS-2023-2024/1', '2023-04-04', '12', '3', '36', NULL, '863067069961097', '1', 'BLACK', '33000', '', '33000', 'Cash', 2, '2023', '2023-04-04', '2023-04-04 15:23:12'),
(4, '2', '1', 'TS-2023-2024/2', '2023-04-04', '13', '2', '8', NULL, '862611063697958', '1', 'ORANGE ', '12500', '', '12500', 'Cash', 2, '2023', '2023-04-04', '2023-04-04 15:25:33'),
(5, '3', '1', 'TS-2022-2023/3', '2023-03-28', '12', '3', '36', NULL, '863067069961097', '1', 'BLACK', '33000', '', '33000', 'Cash', 2, '2022', '2023-04-04', '2023-04-04 15:27:33'),
(6, '3', '1', 'TS-2023-2024/3', '2023-04-04', '13', '2', '8', NULL, '862611063697958', '1', 'ORANGE ', '12500', '', '12500', 'Cash', 2, '2023', '2023-04-04', '2023-04-04 15:28:25'),
(7, '4', '1', 'TS-2023-2024/4', '2023-04-04', '12', '3', '36', NULL, '863067069961097', '1', 'BLUE', '33000', '', '33000', 'Cash', 2, '2023', '2023-04-04', '2023-04-04 15:38:55'),
(8, '4', '1', 'TS-2022-2023/4', '2023-03-28', '12', '3', '36', NULL, '863067069961097', '1', 'BLUE', '33000', '', '33000', 'Cash', 2, '2022', '2023-04-04', '2023-04-04 15:40:06'),
(9, '5', '1', 'TS-2022-2023/5', '2023-03-28', '13', '2', '8', NULL, '862611063697958', '1', 'ORANGE ', '12500', '', '12500', 'Cash', 2, '2022', '2023-04-04', '2023-04-04 15:46:23'),
(10, '6', '1', 'TS-2022-2023/6', '2023-03-29', '14', '3', '36', NULL, '863067068577712', '1', 'BLACK', '33000', '', '33000', 'Cash', 0, '2022', '2023-04-04', '2023-04-04 15:48:42'),
(11, '7', '1', 'TS-2022-2023/7', '2023-03-29', '15', '2', '8', NULL, '862498069136797', '1', 'BLACK ', '12500', '', '12500', 'Cash', 0, '2022', '2023-04-04', '2023-04-04 15:53:38'),
(12, '5', '1', 'TS-2023-2024/5', '2023-04-05', '19', '2', '11', NULL, '860150066023997', '1', 'BLUE ', '10000', '', '10000', 'Cash', 2, '2023', '2023-04-05', '2023-04-05 11:24:03'),
(13, '8', '1', 'TS-2022-2023/8', '2023-03-30', '19', '2', '11', NULL, '860150066023997', '1', 'BLUE ', '10000', '', '10000', 'Cash', 0, '2022', '2023-04-05', '2023-04-05 11:31:15'),
(14, '6', '1', 'TS-2023-2024/6', '2023-04-05', '20', '2', '11', NULL, '860150066556210', '1', 'GOLD ', '10000', '', '10000', 'Cash', 2, '2023', '2023-04-05', '2023-04-05 11:37:33'),
(15, '9', '1', 'TS-2022-2023/9', '2023-03-28', '12', '3', '36', NULL, '863067069961097', '1', 'BLUE', '33000', '', '33000', 'Finance', 2, '2022', '2023-04-05', '2023-04-05 13:50:12'),
(16, '10', '1', 'TS-2022-2023/10', '2023-03-28', '12', '3', '36', NULL, '863067069961097', '1', 'BLUE', '33000', '', '33000', 'Finance', 2, '2022', '2023-04-05', '2023-04-05 13:52:32'),
(17, '11', '1', 'TS-2022-2023/11', '2023-03-29', '13', '2', '8', NULL, '862611063697958', '1', 'ORANGE ', '12500', '', '12500', 'Finance', 0, '2022', '2023-04-05', '2023-04-05 13:56:59'),
(18, '7', '1', 'TS-2023-2024/7', '2023-04-05', '8', '3', '26', NULL, '6935117856957', '1', 'GREEN', '10000', '10', '9000', 'Online', 2, '2023', '2023-04-05', '2023-04-05 13:57:10'),
(19, '12', '1', 'TS-2022-2023/12', '2023-03-30', '22', '2', '9', NULL, '866102053637598', '1', 'BLUE ', '10000', '', '10000', 'Finance', 0, '2022', '2023-04-05', '2023-04-05 14:12:18'),
(20, '8', '1', 'TS-2023-2024/8', '2023-04-05', '23', '1', '92', NULL, '351270410250231', '1', 'BLUE', '14500', '', '14500', 'Cash', 0, '2023', '2023-04-05', '2023-04-05 14:37:01'),
(21, '9', '1', 'TS-2023-2024/9', '2023-04-05', '25', '2', '16', NULL, '867426067829217', '1', 'GOLD ', '30000', '', '30000', 'Cash', 0, '2023', '2023-04-05', '2023-04-05 15:03:27'),
(22, '10', '1', 'TS-2023-2024/10', '2023-04-07', '27', '3', '21', NULL, '869017069353732', '1', 'BLACK', '10500', '', '10500', 'Cash', 2, '2023', '2023-04-07', '2023-04-07 11:20:50'),
(23, '13', '1', 'TS-2022-2023/13', '2023-03-27', '27', '3', '21', NULL, '869017069353732', '1', 'BLACK', '10500', '', '10500', 'Cash', 0, '2022', '2023-04-07', '2023-04-07 11:24:22'),
(24, '11', '1', 'TS-2023-2024/11', '2023-04-07', '29', '3', '1', NULL, '869296066079744', '1', 'BLACK', '24500', '', '24500', 'Cash', 0, '2023', '2023-04-07', '2023-04-07 11:45:30'),
(25, '12', '1', 'TS-2023-2024/12', '2023-04-07', '30', '3', '22', NULL, '862207065303313', '1', 'BLACK', '12500', '', '12500', 'Cash', 2, '2023', '2023-04-07', '2023-04-07 11:51:20'),
(26, '13', '1', 'TS-2023-2024/13', '2023-04-07', '33', '1', '143', NULL, '356303840125429', '1', 'BLACK ', '13000', '', '13000', 'Cash', 0, '2023', '2023-04-07', '2023-04-07 12:16:26'),
(27, '14', '1', 'TS-2023-2024/14', '2023-04-07', '35', '3', '30', NULL, '865155069076491', '1', 'BLUE', '15700', '', '15700', 'Cash', 2, '2023', '2023-04-07', '2023-04-07 13:10:33'),
(28, '14', '1', 'TS-2022-2023/14', '2023-03-28', '35', '3', '30', NULL, '865155069076491', '1', 'BLUE', '15700', '', '15700', 'Cash', 0, '2022', '2023-04-07', '2023-04-07 13:12:51'),
(29, '15', '1', 'TS-2023-2024/15', '2023-04-07', '36', '5', '57', NULL, '860882063144000', '1', 'BLUE', '7500', '', '7500', 'Cash', 2, '2023', '2023-04-07', '2023-04-07 13:19:57'),
(30, '15', '1', 'TS-2022-2023/15', '2023-03-28', '36', '5', '57', NULL, '860882063144000', '1', 'BLUE', '7500', '', '7500', 'Cash', 0, '2022', '2023-04-07', '2023-04-07 13:21:08'),
(31, '16', '1', 'TS-2023-2024/16', '2023-04-08', '38', '3', '44', NULL, '861531061453470', '1', 'ORANGE', '20000', '', '20000', 'Cash', 0, '2023', '2023-04-08', '2023-04-08 11:54:08'),
(32, '17', '1', 'TS-2023-2024/17', '2023-04-09', '39', '3', '25', NULL, '0', '1', 'GREEN', '14500', '', '14500', 'Cash', 0, '2023', '2023-04-09', '2023-04-09 10:47:31'),
(33, '16', '1', 'TS-2022-2023/16', '2023-03-29', '41', '3', '44', NULL, '861531061224236', '1', 'BLACK', '19500', '', '19500', 'Cash', 0, '2022', '2023-04-09', '2023-04-09 11:09:36'),
(34, '17', '1', 'TS-2022-2023/17', '2023-03-29', '42', '3', '44', NULL, '861531063590055', '1', 'BLACK', '19500', '', '19500', 'Cash', 0, '2022', '2023-04-09', '2023-04-09 11:13:40'),
(35, '18', '1', 'TS-2022-2023/18', '2023-03-30', '30', '3', '38', NULL, '866670067517154', '1', 'BLIE ', '38000', '', '38000', 'Cash', 0, '2022', '2023-04-09', '2023-04-09 11:24:53'),
(36, '19', '1', 'TS-2022-2023/19', '2023-03-30', '43', '3', '36', NULL, '863067067888417', '1', 'BLUE', '33000', '', '33000', 'Cash', 0, '2022', '2023-04-09', '2023-04-09 11:35:13'),
(37, '20', '1', 'TS-2022-2023/20', '2023-03-30', '44', '3', '27', NULL, '862268068632736', '1', 'SKY', '14500', '', '14500', 'Cash', 0, '2022', '2023-04-09', '2023-04-09 11:52:53'),
(38, '21', '1', 'TS-2022-2023/21', '2023-03-31', '45', '3', '18', NULL, '868236069485770', '1', 'GOLD', '7800', '', '7800', 'Cash', 0, '2022', '2023-04-09', '2023-04-09 12:10:25'),
(39, '22', '1', 'TS-2022-2023/22', '2023-03-31', '46', '6', '215', NULL, '355305616906313', '1', 'GREEN ', '52000', '', '52000', 'Cash', 0, '2022', '2023-04-09', '2023-04-09 12:24:06'),
(40, '23', '1', 'TS-2022-2023/23', '2023-03-31', '47', '3', '1', NULL, '869296063676161', '1', 'BLACK', '24500', '', '24500', 'Cash', 0, '2022', '2023-04-09', '2023-04-09 12:30:42'),
(41, '24', '1', 'TS-2022-2023/24', '2023-03-31', '48', '3', '21', NULL, '869017069347130', '1', 'BLACK', '11000', '', '11000', 'Cash', 0, '2022', '2023-04-09', '2023-04-09 12:42:12'),
(42, '18', '1', 'TS-2023-2024/18', '2023-04-01', '49', '3', '22', NULL, '862207066701150', '1', 'BLACK', '12300', '', '12300', 'Cash', 0, '2023', '2023-04-09', '2023-04-09 12:46:33'),
(43, '19', '1', 'TS-2023-2024/19', '2023-04-01', '50', '9', '51', NULL, '865780062965018', '1', 'SILVER ', '41000', '', '41000', 'Cash', 0, '2023', '2023-04-09', '2023-04-09 13:03:56'),
(44, '20', '1', 'TS-2023-2024/20', '2023-04-01', '51', '3', '26', NULL, '866382062003038', '1', 'GREEN', '14500', '', '14500', 'Cash', 0, '2023', '2023-04-09', '2023-04-09 13:08:34'),
(45, '21', '1', 'TS-2023-2024/21', '2023-04-01', '52', '3', '36', NULL, '863067068578157', '1', 'BLACK', '33000', '', '33000', 'Cash', 0, '2023', '2023-04-09', '2023-04-09 13:13:13'),
(46, '22', '1', 'TS-2023-2024/22', '2023-04-02', '53', '3', '25', NULL, '863340066731437', '1', 'GREEN', '14500', '', '14500', 'Cash', 0, '2023', '2023-04-09', '2023-04-09 13:26:19'),
(47, '23', '1', 'TS-2023-2024/23', '2023-04-02', '54', '2', '7', NULL, '864397064606051', '1', 'GOLD ', '14000', '', '14000', 'Cash', 0, '2023', '2023-04-09', '2023-04-09 13:39:43'),
(48, '24', '1', 'TS-2023-2024/24', '2023-04-02', '55', '3', '26', NULL, '863340069220404', '1', 'GREEN', '16500', '', '16500', 'Cash', 0, '2023', '2023-04-09', '2023-04-09 15:34:55'),
(49, '25', '1', 'TS-2023-2024/25', '2023-04-04', '56', '3', '22', NULL, '862207065304634', '1', 'BLACK', '12500', '', '12500', 'Cash', 0, '2023', '2023-04-09', '2023-04-09 15:40:29'),
(50, '26', '1', 'TS-2023-2024/26', '2023-04-04', '57', '3', '26', NULL, '863340066569118', '1', 'GREEN', '14500', '', '14500', 'Cash', 0, '2023', '2023-04-09', '2023-04-09 15:52:44'),
(51, '27', '1', 'TS-2023-2024/27', '2023-04-04', '58', '3', '45', NULL, '861531061209997', '1', 'ORANGE ', '20000', '', '20000', 'Cash', 0, '2023', '2023-04-09', '2023-04-09 15:59:48'),
(52, '28', '1', 'TS-2023-2024/28', '2023-04-05', '60', '9', '53', NULL, '869388051904059', '1', 'SKY', '38000', '', '38000', 'Cash', 0, '2023', '2023-04-09', '2023-04-09 16:16:53'),
(53, '29', '1', 'TS-2023-2024/29', '2023-04-05', '61', '2', '14', NULL, '867443065793238', '1', 'BLUE ', '16500', '', '16500', 'Cash', 0, '2023', '2023-04-09', '2023-04-09 16:24:21'),
(54, '30', '1', 'TS-2023-2024/30', '2023-04-05', '62', '2', '7', NULL, '864397064606457', '1', 'BLACK ', '14000', '', '14000', 'Cash', 0, '2023', '2023-04-09', '2023-04-09 16:30:09'),
(55, '31', '1', 'TS-2023-2024/31', '2023-04-05', '63', '3', '44', NULL, '861531063585733', '1', 'BLACK', '20000', '', '20000', 'Cash', 0, '2023', '2023-04-09', '2023-04-09 16:35:34'),
(56, '32', '1', 'TS-2023-2024/32', '2023-04-06', '64', '2', '8', NULL, '862611064277479', '1', 'BLUE ', '12500', '', '12500', 'Cash', 0, '2023', '2023-04-09', '2023-04-09 16:47:44'),
(57, '33', '1', 'TS-2023-2024/33', '2023-04-05', '65', '6', '218', NULL, '353763693526051', '1', 'PURPLE', '72000', '', '72000', 'Cash', 0, '2023', '2023-04-09', '2023-04-09 16:50:46'),
(58, '34', '1', 'TS-2023-2024/34', '2023-04-06', '66', '3', '22', NULL, '862207063158750', '1', 'GOLD', '12500', '', '12500', 'Cash', 0, '2023', '2023-04-09', '2023-04-09 16:52:48'),
(59, '35', '1', 'TS-2023-2024/35', '2023-04-06', '67', '3', '44', NULL, '863595067807177', '1', 'BLACK', '20000', '', '20000', 'Cash', 0, '2023', '2023-04-09', '2023-04-09 16:55:42'),
(60, '36', '1', 'TS-2023-2024/36', '2023-04-06', '68', '9', '216', NULL, '869964060162614', '1', 'BLUE ', '21000', '', '21000', 'Cash', 0, '2023', '2023-04-10', '2023-04-10 10:31:22'),
(61, '37', '1', 'TS-2023-2024/37', '2023-04-06', '69', '3', '22', NULL, '862207066701432', '1', 'GOLD', '12500', '', '12500', 'Cash', 0, '2023', '2023-04-10', '2023-04-10 10:46:22'),
(62, '38', '1', 'TS-2023-2024/38', '2023-04-07', '70', '3', '44', NULL, '863595067807854', '1', 'BLACK', '20000', '', '20000', 'Cash', 0, '2023', '2023-04-10', '2023-04-10 10:53:25'),
(63, '39', '1', 'TS-2023-2024/39', '2023-04-07', '71', '3', '39', NULL, '866670067523574', '1', 'BLUE ', '38000', '', '38000', 'Cash', 0, '2023', '2023-04-10', '2023-04-10 11:09:57'),
(64, '40', '1', 'TS-2023-2024/40', '2023-04-09', '72', '3', '22', NULL, '862207066724194', '1', 'GOLD', '12500', '', '12500', 'Cash', 0, '2023', '2023-04-10', '2023-04-10 11:22:27'),
(65, '41', '1', 'TS-2023-2024/41', '2023-04-10', '73', '3', '20', NULL, '862682068563032', '1', 'BLACK', '10000', '', '10000', 'Cash', 0, '2023', '2023-04-11', '2023-04-11 15:46:10'),
(66, '42', '1', 'TS-2023-2024/42', '2023-04-10', '75', '3', '19', NULL, '8640040605211', '1', 'BLUE', '9500', '', '9500', 'Cash', 0, '2023', '2023-04-11', '2023-04-11 17:04:56'),
(67, '43', '1', 'TS-2023-2024/43', '2023-04-11', '76', '3', '34', NULL, '864931065924855', '1', 'BLACK ', '29000', '', '29000', 'Cash', 0, '2023', '2023-04-11', '2023-04-11 17:14:08'),
(68, '44', '1', 'TS-2023-2024/44', '2023-04-11', '77', '2', '7', NULL, '864397069774177', '1', 'GREEN ', '14500', '', '14500', 'Cash', 0, '2023', '2023-04-11', '2023-04-11 17:18:45'),
(69, '45', '1', 'TS-2023-2024/45', '2023-04-11', '74', '3', '36', NULL, '863067065092053', '1', 'BLACK', '33000', '', '33000', 'Cash', 0, '2023', '2023-04-11', '2023-04-11 17:23:56'),
(70, '46', '1', 'TS-2023-2024/46', '2023-04-11', '78', '3', '32', NULL, '866323058246512', '1', 'GALAXY', '22000', '', '22000', 'Cash', 0, '2023', '2023-04-11', '2023-04-11 17:30:23'),
(71, '47', '1', 'TS-2023-2024/47', '2023-04-11', '80', '1', '221', NULL, '357962502293426', '1', 'COPPER', '11000', '', '11000', 'Cash', 0, '2023', '2023-04-12', '2023-04-12 11:09:56'),
(72, '48', '1', 'TS-2023-2024/48', '2023-04-11', '79', '2', '7', NULL, '864397066566790', '1', 'GOLD ', '14000', '', '14000', 'Cash', 0, '2023', '2023-04-12', '2023-04-12 11:13:24'),
(73, '1', '1', 'TS-0202-203/1', '2023-04-13', '81', '1', '100', NULL, '350894213711064', '1', 'BLACK', '21000', '', '21000', 'Cash', 0, '0202', '2023-04-15', '2023-04-15 11:20:55'),
(74, '49', '1', 'TS-2023-2024/49', '2023-04-13', '81', '1', '108', NULL, '355066967977564', '1', 'GREEN', '74000', '', '74000', 'Cash', 0, '2023', '2023-04-15', '2023-04-15 11:21:49'),
(75, '50', '1', 'TS-2023-2024/50', '2023-04-15', '81', '1', '94', NULL, '358799693425253', '1', 'COPPER', '13500', '', '13500', 'Cash', 0, '2023', '2023-04-15', '2023-04-15 11:22:34'),
(76, '51', '1', 'TS-2023-2024/51', '2023-04-15', '81', '1', '112', NULL, '350181337839819', '1', 'BEIGE', '155000', '', '155000', 'Cash', 0, '2023', '2023-04-15', '2023-04-15 11:47:17'),
(77, '52', '1', 'TS-2023-2024/52', '2023-04-15', '81', '1', '137', NULL, '353835881146734', '1', 'CREAM', '125000', '', '125000', 'Cash', 0, '2023', '2023-04-15', '2023-04-15 11:48:04'),
(78, '53', '1', 'TS-2023-2024/53', '2023-04-01', '82', '2', '16', NULL, '867426067336510', '1', 'BLACK ', '30000', '', '30000', 'Cash', 0, '2023', '2023-04-15', '2023-04-15 15:04:55'),
(79, '54', '1', 'TS-2023-2024/54', '2023-04-12', '85', '1', '85', NULL, '350655750991116', '1', 'BLACK ', '7000', '', '7000', 'Cash', 0, '2023', '2023-04-15', '2023-04-15 16:36:56'),
(80, '55', '1', 'TS-2023-2024/55', '2023-04-14', '86', '2', '11', NULL, '860150066544190', '1', 'GOLD ', '9500', '', '9500', 'Cash', 0, '2023', '2023-04-15', '2023-04-15 16:50:43'),
(81, '56', '1', 'TS-2023-2024/56', '2023-04-14', '87', '2', '8', NULL, '862611066086878', '1', 'BLACK ', '13500', '', '13500', 'Cash', 0, '2023', '2023-04-16', '2023-04-16 10:35:15'),
(82, '57', '1', 'TS-2023-2024/57', '2023-04-14', '79', '2', '7', NULL, '864397066625075', '1', 'GOLD ', '14000', '', '14000', 'Cash', 0, '2023', '2023-04-16', '2023-04-16 10:50:05'),
(83, '58', '1', 'TS-2023-2024/58', '2023-04-15', '90', '1', '140', NULL, '350031471240755', '1', 'DARK RED', '16500', '', '16500', 'Cash', 0, '2023', '2023-04-16', '2023-04-16 11:06:47'),
(84, '25', '1', 'TS-2022-2023/25', '2023-03-29', '92', '2', '11', NULL, '860109065833574', '1', 'BLUE ', '10000', '', '10000', 'Cash', 0, '2022', '2023-04-16', '2023-04-16 12:38:51'),
(85, '26', '1', 'TS-2022-2023/26', '2023-03-30', '20', '2', '11', NULL, '860150066556210', '1', 'GOLD ', '10000', '', '10000', 'Cash', 0, '2022', '2023-04-16', '2023-04-16 12:42:25'),
(86, '27', '1', 'TS-2022-2023/27', '2023-03-30', '24', '2', '170', NULL, '865389058143356', '1', 'BLUE ', '17000', '', '17000', 'Cash', 0, '2022', '2023-04-16', '2023-04-16 12:56:54'),
(87, '28', '1', 'TS-2022-2023/28', '2023-03-31', '93', '2', '11', NULL, '860150066260912', '1', 'BLUE ', '10000', '', '10000', 'Cash', 0, '2022', '2023-04-16', '2023-04-16 15:30:25'),
(88, '29', '1', 'TS-2022-2023/29', '2023-03-31', '94', '2', '7', NULL, '864397068438378', '1', 'GREEN ', '13000', '', '13000', 'Cash', 0, '2022', '2023-04-16', '2023-04-16 15:39:20'),
(89, '30', '1', 'TS-2022-2023/30', '2023-03-31', '95', '1', '85', NULL, '350655752040821', '1', 'BRONZE', '7500', '', '7500', 'Cash', 0, '2022', '2023-04-16', '2023-04-16 16:14:47'),
(90, '59', '1', 'TS-2023-2024/59', '2023-04-02', '96', '2', '8', NULL, '862498068506636', '1', 'BLUE ', '13500', '', '13500', 'Cash', 0, '2023', '2023-04-16', '2023-04-16 16:19:31'),
(91, '60', '1', 'TS-2023-2024/60', '2023-04-02', '97', '2', '7', NULL, '864397068438832', '1', 'GREEN ', '14500', '', '14500', 'Cash', 0, '2023', '2023-04-16', '2023-04-16 17:14:26'),
(92, '61', '1', 'TS-2023-2024/61', '2023-04-01', '98', '2', '16', NULL, '867426067829654', '1', 'GOLD ', '30000', '', '30000', 'Cash', 0, '2023', '2023-04-17', '2023-04-17 16:31:27'),
(93, '62', '1', 'TS-2023-2024/62', '2023-04-02', '99', '2', '7', NULL, '864397069213499', '1', 'GREEN ', '14000', '', '14000', 'Cash', 0, '2023', '2023-04-17', '2023-04-17 16:34:47'),
(94, '31', '1', 'TS-2022-2023/31', '2023-03-04', '100', '1', '85', NULL, '350655753854808', '1', 'MINT ', '7000', '', '7000', 'Cash', 0, '2022', '2023-04-17', '2023-04-17 16:46:34'),
(95, '63', '1', 'TS-2023-2024/63', '2023-04-04', '101', '1', '94', NULL, '358799693844933', '1', 'GREEN', '13000', '', '13000', 'Cash', 0, '2023', '2023-04-17', '2023-04-17 16:54:16'),
(96, '64', '1', 'TS-2023-2024/64', '2023-04-04', '102', '2', '156', NULL, '866194069132573', '1', 'BLUE ', '19500', '', '19500', 'Cash', 0, '2023', '2023-04-17', '2023-04-17 17:03:15'),
(97, '65', '1', 'TS-2023-2024/65', '2023-04-04', '103', '2', '11', NULL, '860150066544539', '1', 'GOLD ', '9500', '', '9500', 'Cash', 0, '2023', '2023-04-17', '2023-04-17 17:11:30'),
(98, '66', '1', 'TS-2023-2024/66', '2023-04-04', '104', '1', '141', NULL, '351940694094105', '1', 'GREEN', '16000', '', '16000', 'Cash', 0, '2023', '2023-04-17', '2023-04-17 17:16:15'),
(99, '67', '1', 'TS-2023-2024/67', '2023-04-04', '105', '2', '11', NULL, '860150066029010', '1', 'BLUE ', '10000', '', '10000', 'Cash', 0, '2023', '2023-04-17', '2023-04-17 17:31:11'),
(100, '68', '1', 'TS-2023-2024/68', '2023-04-05', '106', '4', '217', NULL, '865493063219878', '1', 'DARK MATTER', '26500', '', '26500', 'Cash', 0, '2023', '2023-04-17', '2023-04-17 17:35:32'),
(101, '69', '1', 'TS-2023-2024/69', '2023-04-05', '107', '5', '57', NULL, '861896067262864', '1', 'BLUE', '7000', '', '7000', 'Cash', 0, '2023', '2023-04-25', '2023-04-25 10:26:52'),
(102, '70', '1', 'TS-2023-2024/70', '2023-04-06', '108', '5', '57', NULL, '862305069941540', '1', 'BLUE', '8300', '', '8300', 'Cash', 0, '2023', '2023-04-25', '2023-04-25 10:31:05'),
(103, '71', '1', 'TS-2023-2024/71', '2023-04-06', '109', '1', '144', NULL, '350191502120218', '1', 'BLUE', '10000', '', '10000', 'Cash', 0, '2023', '2023-04-25', '2023-04-25 10:36:40'),
(104, '72', '1', 'TS-2023-2024/72', '2023-04-06', '110', '1', '125', NULL, '351587324366757', '1', 'SILVER ', '12300', '', '12300', 'Cash', 0, '2023', '2023-04-25', '2023-04-25 10:41:33'),
(105, '73', '1', 'TS-2023-2024/73', '2023-04-07', '111', '3', '19', NULL, '864004060696116', '1', 'BLUE', '11500', '', '11500', 'Cash', 0, '2023', '2023-04-25', '2023-04-25 10:47:25'),
(106, '74', '1', 'TS-2023-2024/74', '2023-04-07', '112', '1', '85', NULL, '351314619054067', '1', 'BLACK ', '7300', '', '7300', 'Cash', 0, '2023', '2023-04-25', '2023-04-25 10:51:55'),
(107, '75', '1', 'TS-2023-2024/75', '2023-04-07', '113', '2', '162', NULL, '860035068500011', '1', 'BLACK ', '11000', '', '11000', 'Cash', 0, '2023', '2023-04-25', '2023-04-25 10:58:09'),
(108, '76', '1', 'TS-2023-2024/76', '2023-04-07', '114', '2', '16', NULL, '867426067335132', '1', 'BLACK ', '31000', '', '31000', 'Cash', 0, '2023', '2023-04-25', '2023-04-25 11:02:16'),
(109, '77', '1', 'TS-2023-2024/77', '2023-04-10', '115', '2', '8', NULL, '862611066086530', '1', 'BLACK ', '12000', '', '12000', 'Cash', 0, '2023', '2023-04-25', '2023-04-25 11:06:15'),
(110, '78', '1', 'TS-2023-2024/78', '2023-04-08', '116', '8', '192', NULL, '352839713401185', '1', 'BLUE ', '8000', '', '8000', 'Cash', 0, '2023', '2023-04-25', '2023-04-25 11:11:39'),
(111, '79', '1', 'TS-2023-2024/79', '2023-04-08', '117', '1', '94', NULL, '358799692055176', '1', 'COPPER', '13000', '', '13000', 'Cash', 0, '2023', '2023-04-25', '2023-04-25 11:16:15'),
(112, '80', '1', 'TS-2023-2024/80', '2023-04-08', '118', '2', '156', NULL, '860838062076395', '1', 'BLUE ', '20000', '', '20000', 'Cash', 0, '2023', '2023-04-25', '2023-04-25 11:26:21'),
(113, '81', '1', 'TS-2023-2024/81', '2023-04-08', '119', '2', '13', NULL, '865399065018871', '1', 'WHITE ', '9500', '', '9500', 'Cash', 0, '2023', '2023-04-25', '2023-04-25 11:34:13'),
(114, '82', '1', 'TS-2023-2024/82', '2023-04-09', '120', '2', '11', NULL, '860150066253891', '1', 'BLUE ', '10500', '', '10500', 'Cash', 0, '2023', '2023-04-25', '2023-04-25 11:38:08'),
(115, '83', '1', 'TS-2023-2024/83', '2023-04-09', '122', '5', '67', NULL, '866592066168237', '1', 'GREEN ', '8000', '', '8000', 'Cash', 0, '2023', '2023-04-25', '2023-04-25 11:58:24'),
(116, '84', '1', 'TS-2023-2024/84', '2023-04-09', '123', '1', '139', NULL, '354198340734585', '1', 'BLACK ', '19500', '', '19500', 'Cash', 0, '2023', '2023-04-25', '2023-04-25 12:02:06'),
(117, '85', '1', 'TS-2023-2024/85', '2023-04-09', '124', '2', '8', NULL, '862611064363410', '1', 'BLUE ', '13500', '', '13500', 'Cash', 0, '2023', '2023-04-25', '2023-04-25 12:04:27'),
(118, '86', '1', 'TS-2023-2024/86', '2023-04-10', '125', '2', '11', NULL, '860150066252919', '1', 'BLUE ', '9700', '', '9700', 'Cash', 0, '2023', '2023-04-25', '2023-04-25 12:08:06'),
(119, '87', '1', 'TS-2023-2024/87', '2023-04-09', '126', '2', '8', NULL, '862611064728737', '1', 'BLUE ', '12500', '', '12500', 'Cash', 0, '2023', '2023-04-25', '2023-04-25 12:19:33'),
(120, '1', '1', 'TS-2024-2025/1', '2024-10-16', '127', '1', '224', NULL, '865214521445224', '1', 'White', '59750', '10', '53775', 'Cash', 0, '2024', '2024-10-16', '2024-10-16 11:49:39'),
(121, '2', '1', 'TS-2024-2025/2', '2024-10-16', '18', '1', '225', NULL, '865214521445298', '1', 'Purple', '59750', '5', '56762.5', 'Finance', 0, '2024', '2024-10-16', '2024-10-16 12:04:08'),
(122, '3', '1', 'TS-2024-2025/3', '2024-10-16', '21', '1', '225', NULL, '865214521445245', '1', 'White', '59750', '', '59750', 'Online', 0, '2024', '2024-10-16', '2024-10-16 12:17:25'),
(123, '4', '1', 'TS-2024-2025/4', '2024-10-16', '8', '1', '226', NULL, '865214521478944', '1', 'White', '129999', '', '129999', 'Finance', 0, '2024', '2024-10-16', '2024-10-16 12:39:50'),
(124, '5', '1', 'TS-2024-2025/5', '2024-10-16', '8', '1', '227', NULL, '865214521445212', '1', 'Olive Green', '159999', '', '159999', 'Cash', 0, '2024', '2024-10-16', '2024-10-16 14:33:17'),
(125, '1', '1', 'TS-2025-2026/1', '2025-04-07', '7', '1', '85', NULL, '0', '1', 'BLACK ', '8000', '0', '8000', 'Finance', 0, '2025', '2025-04-07', '2025-04-07 11:54:22'),
(126, '2', '1', 'TS-2025-2026/2', '2025-04-07', '8', '1', '225', NULL, '865214521445225', '1', 'Olive Green', '159999', '5', '151999.05', 'Finance', 0, '2025', '2025-04-07', '2025-04-07 15:14:17'),
(127, '3', '1', 'TS-2025-2026/3', '2025-04-07', '7', '1', '227', NULL, '0', '1', 'Black', '159999', '', '159999', 'Finance', 0, '2025', '2025-04-07', '2025-04-07 15:21:58'),
(128, '4', '1', 'TS-2025-2026/4', '2025-04-07', '7', '1', '227', NULL, '0', '1', 'Black', '159999', '', '159999', 'Finance', 0, '2025', '2025-04-07', '2025-04-07 15:23:21'),
(129, '5', '1', 'TS-2025-2026/5', '2025-04-07', '7', '1', '85', NULL, '0', '1', 'BLACK ', '8000', '', '8000', 'Finance', 0, '2025', '2025-04-07', '2025-04-07 15:23:50'),
(130, '6', '1', 'TS-2025-2026/6', '2025-04-07', '7', '1', '85', NULL, '0', '1', 'BLACK ', '8000', '', '8000', 'Finance', 0, '2025', '2025-04-07', '2025-04-07 15:26:43'),
(131, '6', '1', 'TS-2025-2026/6', '2025-04-07', '7', '1', '85', NULL, '0', '1', 'BLACK ', '8000', '', '8000', 'Finance', 0, '2025', '2025-04-07', '2025-04-07 15:26:48'),
(132, '6', '1', 'TS-2025-2026/6', '2025-04-07', '7', '1', '86', NULL, '0', '1', 'BLACK ', '9500', '', '9500', 'Cash', 0, '2025', '2025-04-07', '2025-04-07 15:27:00'),
(133, '6', '1', 'TS-2025-2026/6', '2025-04-07', '7', '1', '227', NULL, '0', '1', 'White', '159999', '', '159999', 'Cash', 0, '2025', '2025-04-07', '2025-04-07 15:27:10'),
(134, '6', '1', 'TS-2025-2026/6', '2025-04-07', '7', '1', '227', NULL, '0', '1', 'White', '159999', '', '159999', 'Cash', 0, '2025', '2025-04-07', '2025-04-07 15:27:53'),
(135, '7', '1', 'TS-2025-2026/7', '2025-04-07', '7', '1', '85', NULL, '0', '1', 'BLACK ', '8000', '', '8000', 'Cash', 0, '2025', '2025-04-07', '2025-04-07 15:28:35'),
(136, '8', '1', 'TS-2025-2026/8', '2025-04-07', '7', '1', '85', NULL, '0', '1', 'BLACK ', '8000', '', '8000', 'Finance', 0, '2025', '2025-04-07', '2025-04-07 15:29:35'),
(137, '8', '1', 'TS-2025-2026/8', '2025-04-07', '7', '1', '85', NULL, '0', '1', 'BLACK ', '8000', '', '8000', 'Finance', 0, '2025', '2025-04-07', '2025-04-07 15:29:50'),
(138, '9', '1', 'TS-2025-2026/9', '2025-04-07', '7', '1', '85', NULL, '0', '1', 'BLACK ', '8000', '', '8000', 'Cash', 0, '2025', '2025-04-07', '2025-04-07 15:30:44'),
(139, '9', '1', 'TS-2025-2026/9', '2025-04-07', '7', '1', '85', NULL, '0', '1', 'BLACK ', '8000', '', '8000', 'Cash', 0, '2025', '2025-04-07', '2025-04-07 15:30:46'),
(140, '9', '1', 'TS-2025-2026/9', '2025-04-07', '7', '1', '85', NULL, '0', '1', 'BLACK ', '8000', '', '8000', 'Cash', 0, '2025', '2025-04-07', '2025-04-07 15:30:47'),
(141, '9', '1', 'TS-2025-2026/9', '2025-04-07', '7', '1', '85', NULL, '0', '1', 'BLACK ', '8000', '', '8000', 'Cash', 0, '2025', '2025-04-07', '2025-04-07 15:30:48'),
(142, '9', '1', 'TS-2025-2026/9', '2025-04-07', '7', '1', '85', NULL, '0', '1', 'BLACK ', '8000', '', '8000', 'Cash', 0, '2025', '2025-04-07', '2025-04-07 15:30:49'),
(143, '9', '1', 'TS-2025-2026/9', '2025-04-07', '7', '1', '85', NULL, '0', '1', 'BLACK ', '8000', '', '8000', 'Cash', 0, '2025', '2025-04-07', '2025-04-07 15:30:50'),
(144, '9', '1', 'TS-2025-2026/9', '2025-04-07', '7', '1', '85', NULL, '0', '1', 'BLACK ', '8000', '', '8000', 'Cash', 0, '2025', '2025-04-07', '2025-04-07 15:31:00'),
(145, '10', '1', 'TS-2025-2026/10', '2025-04-07', '7', '1', '85', NULL, '0', '1', 'BLACK ', '8000', '', '8000', 'Finance', 0, '2025', '2025-04-07', '2025-04-07 15:32:08'),
(146, '10', '1', 'TS-2025-2026/10', '2025-04-07', '7', '1', '85', NULL, '0', '1', 'BLACK ', '8000', '', '8000', 'Cash', 0, '2025', '2025-04-07', '2025-04-07 15:32:11'),
(147, '10', '1', 'TS-2025-2026/10', '2025-04-07', '7', '1', '86', NULL, '0', '1', 'BLACK ', '9500', '', '9500', 'Cash', 0, '2025', '2025-04-07', '2025-04-07 15:32:20'),
(148, '10', '1', 'TS-2025-2026/10', '2025-04-07', '7', '1', '116', NULL, '0', '1', 'COSMIC GREY ', '55000', '', '55000', 'Cash', 0, '2025', '2025-04-07', '2025-04-07 15:32:29'),
(149, '10', '1', 'TS-2025-2026/10', '2025-04-07', '7', '1', '116', NULL, '0', '1', 'COSMIC GREY ', '55000', '', '55000', 'Online', 0, '2025', '2025-04-07', '2025-04-07 15:32:33'),
(150, '11', '1', 'TS-2025-2026/11', '2025-04-07', '7', '1', '109', NULL, '0', '1', 'BURGUNDY', '109000', '', '109000', 'Finance', 0, '2025', '2025-04-07', '2025-04-07 15:33:58'),
(151, '11', '1', 'TS-2025-2026/11', '2025-04-07', '7', '1', '109', NULL, '0', '1', 'BURGUNDY', '109000', '', '109000', 'Online', 0, '2025', '2025-04-07', '2025-04-07 15:34:01');

-- --------------------------------------------------------

--
-- Table structure for table `tblstock`
--

CREATE TABLE `tblstock` (
  `id` bigint(20) UNSIGNED NOT NULL,
  `Category` text DEFAULT NULL,
  `Product` text DEFAULT NULL,
  `qty` text DEFAULT NULL
) ENGINE=InnoDB DEFAULT CHARSET=latin1 COLLATE=latin1_swedish_ci;

--
-- Dumping data for table `tblstock`
--

INSERT INTO `tblstock` (`id`, `Category`, `Product`, `qty`) VALUES
(1, '3', '26', '11'),
(2, '3', '25', '7'),
(3, '3', '22', '39'),
(4, '3', '21', '4'),
(5, '3', '2', '13'),
(6, '3', '1', '8'),
(7, '3', '44', '4'),
(8, '3', '32', '0'),
(9, '3', '31', '2'),
(10, '3', '46', '2'),
(11, '3', '35', '2'),
(12, '3', '33', '1'),
(13, '3', '36', '11'),
(14, '3', '38', '1'),
(15, '3', '47', '2'),
(16, '3', '34', '6'),
(17, '3', '20', '2'),
(18, '3', '18', '0'),
(19, '3', '42', '1'),
(20, '3', '41', '1'),
(21, '3', '28', '1'),
(22, '3', '27', '1'),
(23, '3', '29', '2'),
(24, '3', '30', '1'),
(25, '3', '24', '1'),
(26, '3', '23', '2'),
(27, '3', '43', '1'),
(28, '3', '19', '5'),
(29, '9', '53', '1'),
(30, '9', '48', '4'),
(31, '9', '50', '1'),
(32, '9', '51', '1'),
(33, '9', '55', '1'),
(34, '9', '52', '1'),
(35, '9', '49', '2'),
(36, '5', '56', '18'),
(37, '5', '57', '4'),
(38, '5', '58', '2'),
(39, '5', '59', '2'),
(40, '5', '60', '1'),
(41, '5', '61', '1'),
(42, '5', '62', '3'),
(43, '5', '63', '1'),
(44, '5', '64', '1'),
(45, '5', '65', '1'),
(46, '5', '66', '1'),
(47, '5', '67', '0'),
(48, '5', '68', '3'),
(49, '4', '69', '2'),
(50, '4', '70', '1'),
(51, '4', '71', '3'),
(52, '4', '72', '2'),
(53, '4', '73', '1'),
(54, '4', '75', '0'),
(55, '4', '76', '1'),
(56, '4', '77', '2'),
(57, '4', '74', '2'),
(58, '4', '79', '2'),
(59, '4', '80', '2'),
(60, '4', '81', '1'),
(61, '4', '82', '2'),
(62, '5', '83', '1'),
(63, '4', '84', '1'),
(64, '1', '112', '0'),
(65, '1', '109', '-1'),
(66, '1', '110', '1'),
(67, '1', '111', '1'),
(68, '1', '135', '2'),
(69, '1', '108', '1'),
(70, '1', '136', '1'),
(71, '1', '137', '1'),
(72, '1', '107', '3'),
(73, '1', '138', '1'),
(74, '1', '105', '2'),
(75, '1', '104', '1'),
(76, '1', '103', '4'),
(77, '1', '130', '1'),
(78, '1', '102', '3'),
(79, '1', '139', '4'),
(80, '1', '131', '1'),
(81, '1', '132', '2'),
(82, '1', '140', '1'),
(83, '1', '101', '4'),
(84, '1', '100', '3'),
(85, '1', '99', '1'),
(86, '1', '128', '2'),
(87, '1', '124', '3'),
(88, '1', '141', '6'),
(89, '1', '97', '2'),
(90, '1', '93', '1'),
(91, '1', '87', '7'),
(92, '1', '142', '1'),
(93, '1', '92', '3'),
(94, '1', '94', '7'),
(95, '1', '91', '1'),
(96, '1', '90', '2'),
(97, '1', '143', '2'),
(98, '1', '144', '7'),
(99, '1', '89', '1'),
(100, '1', '85', '24'),
(101, '2', '8', '17'),
(102, '2', '7', '18'),
(103, '2', '156', '12'),
(104, '2', '157', '2'),
(105, '2', '4', '4'),
(106, '2', '5', '3'),
(107, '2', '145', '2'),
(108, '2', '11', '13'),
(109, '2', '9', '6'),
(110, '2', '162', '0'),
(111, '2', '16', '6'),
(112, '2', '14', '1'),
(113, '2', '17', '1'),
(114, '2', '146', '1'),
(115, '2', '6', '2'),
(116, '2', '147', '1'),
(117, '2', '166', '2'),
(118, '2', '167', '1'),
(119, '2', '10', '5'),
(120, '2', '15', '1'),
(121, '2', '151', '5'),
(122, '2', '153', '2'),
(123, '2', '172', '1'),
(124, '2', '173', '8'),
(125, '2', '174', '3'),
(126, '2', '175', '4'),
(127, '2', '170', '1'),
(128, '2', '176', '1'),
(129, '2', '177', '1'),
(130, '2', '13', '2'),
(131, '2', '12', '5'),
(132, '2', '168', '2'),
(133, '2', '169', '4'),
(134, '2', '152', '1'),
(135, '2', '178', '4'),
(136, '2', '180', '2'),
(137, '2', '181', '1'),
(138, '1', '96', '4'),
(139, '1', '95', '11'),
(140, '1', '106', '7'),
(141, '1', '182', '1'),
(142, '2', '183', '1'),
(143, '1', '184', '3'),
(144, '1', '113', '2'),
(145, '1', '185', '2'),
(146, '1', '116', '0'),
(147, '1', '118', '1'),
(148, '1', '120', '1'),
(149, '1', '117', '2'),
(150, '1', '119', '1'),
(151, '1', '123', '1'),
(152, '1', '186', '2'),
(153, '1', '125', '4'),
(154, '1', '187', '1'),
(155, '1', '86', '3'),
(156, '1', '122', '1'),
(157, '1', '188', '2'),
(158, '1', '88', '5'),
(159, '3', '45', '1'),
(160, '8', '191', '1'),
(161, '8', '192', '4'),
(162, '8', '193', '1'),
(163, '8', '189', '1'),
(164, '7', '194', '1'),
(165, '7', '196', '1'),
(166, '7', '195', '3'),
(167, '7', '197', '3'),
(168, '7', '198', '1'),
(169, '7', '199', '4'),
(170, '7', '200', '2'),
(171, '10', '202', '1'),
(172, '10', '203', '2'),
(173, '10', '204', '5'),
(174, '10', '205', '1'),
(175, '10', '206', '2'),
(176, '10', '207', '2'),
(177, '10', '208', '1'),
(178, '10', '209', '1'),
(179, '10', '210', '1'),
(180, '11', '211', '1'),
(181, '12', '212', '2'),
(182, '12', '214', '1'),
(183, '12', '213', '1'),
(184, '6', '215', '0'),
(185, '9', '216', '0'),
(186, '4', '217', '0'),
(187, '6', '218', '0'),
(188, '9', '219', '1'),
(189, '3', '39', '0'),
(190, '3', '220', '9'),
(191, '1', '221', '3'),
(192, '1', '222', '7'),
(193, '3', '37', '2'),
(194, '10', '223', '2'),
(195, '1', '224', '1'),
(196, '1', '225', '0'),
(197, '1', '226', '4'),
(198, '1', '227', '-1');

-- --------------------------------------------------------

--
-- Table structure for table `tbltransaction`
--

CREATE TABLE `tbltransaction` (
  `id` bigint(20) UNSIGNED NOT NULL,
  `Category` text DEFAULT NULL,
  `Transaction` text DEFAULT NULL,
  `TransactionStatus` text DEFAULT NULL,
  `Remark` text DEFAULT NULL,
  `Status` int(11) NOT NULL DEFAULT 0,
  `AddedDate` text DEFAULT NULL,
  `CreatedDate` text DEFAULT NULL
) ENGINE=InnoDB DEFAULT CHARSET=latin1 COLLATE=latin1_swedish_ci;

--
-- Dumping data for table `tbltransaction`
--

INSERT INTO `tbltransaction` (`id`, `Category`, `Transaction`, `TransactionStatus`, `Remark`, `Status`, `AddedDate`, `CreatedDate`) VALUES
(1, 'Online', '5000', 'OUT', 'KUSHAL', 2, '2023-04-04', '2023-04-04 17:38:07'),
(2, 'Cash', '25000', 'IN', 'Khushal', 2, '2024-10-16', '2024-10-16 14:09:22'),
(3, 'Cash', ' 1300', 'IN', 'test', 0, '2024-10-16', '2024-10-16 14:42:26'),
(4, 'Cash', '4189', 'IN', 'Riddhi Jain EMI', 0, '2024-10-16', '2024-10-16 17:58:15');

--
-- Indexes for dumped tables
--

--
-- Indexes for table `tblaccount`
--
ALTER TABLE `tblaccount`
  ADD UNIQUE KEY `id` (`id`);

--
-- Indexes for table `tbladmin`
--
ALTER TABLE `tbladmin`
  ADD UNIQUE KEY `id` (`id`);

--
-- Indexes for table `tblcategory`
--
ALTER TABLE `tblcategory`
  ADD UNIQUE KEY `id` (`id`);

--
-- Indexes for table `tbldailynote`
--
ALTER TABLE `tbldailynote`
  ADD UNIQUE KEY `id` (`id`);

--
-- Indexes for table `tbldeduction`
--
ALTER TABLE `tbldeduction`
  ADD UNIQUE KEY `id` (`id`);

--
-- Indexes for table `tblfinance`
--
ALTER TABLE `tblfinance`
  ADD UNIQUE KEY `id` (`id`);

--
-- Indexes for table `tblimeitrack`
--
ALTER TABLE `tblimeitrack`
  ADD UNIQUE KEY `id` (`id`);

--
-- Indexes for table `tblproduct`
--
ALTER TABLE `tblproduct`
  ADD UNIQUE KEY `id` (`id`);

--
-- Indexes for table `tblpurchase`
--
ALTER TABLE `tblpurchase`
  ADD UNIQUE KEY `id` (`id`);

--
-- Indexes for table `tblsale`
--
ALTER TABLE `tblsale`
  ADD UNIQUE KEY `id` (`id`);

--
-- Indexes for table `tblstock`
--
ALTER TABLE `tblstock`
  ADD UNIQUE KEY `id` (`id`);

--
-- Indexes for table `tbltransaction`
--
ALTER TABLE `tbltransaction`
  ADD UNIQUE KEY `id` (`id`);

--
-- AUTO_INCREMENT for dumped tables
--

--
-- AUTO_INCREMENT for table `tblaccount`
--
ALTER TABLE `tblaccount`
  MODIFY `id` bigint(20) UNSIGNED NOT NULL AUTO_INCREMENT, AUTO_INCREMENT=130;

--
-- AUTO_INCREMENT for table `tbladmin`
--
ALTER TABLE `tbladmin`
  MODIFY `id` bigint(20) UNSIGNED NOT NULL AUTO_INCREMENT, AUTO_INCREMENT=5;

--
-- AUTO_INCREMENT for table `tblcategory`
--
ALTER TABLE `tblcategory`
  MODIFY `id` bigint(20) UNSIGNED NOT NULL AUTO_INCREMENT, AUTO_INCREMENT=15;

--
-- AUTO_INCREMENT for table `tbldailynote`
--
ALTER TABLE `tbldailynote`
  MODIFY `id` bigint(20) UNSIGNED NOT NULL AUTO_INCREMENT, AUTO_INCREMENT=4;

--
-- AUTO_INCREMENT for table `tbldeduction`
--
ALTER TABLE `tbldeduction`
  MODIFY `id` bigint(20) UNSIGNED NOT NULL AUTO_INCREMENT, AUTO_INCREMENT=30;

--
-- AUTO_INCREMENT for table `tblfinance`
--
ALTER TABLE `tblfinance`
  MODIFY `id` bigint(20) UNSIGNED NOT NULL AUTO_INCREMENT, AUTO_INCREMENT=6;

--
-- AUTO_INCREMENT for table `tblimeitrack`
--
ALTER TABLE `tblimeitrack`
  MODIFY `id` bigint(20) UNSIGNED NOT NULL AUTO_INCREMENT, AUTO_INCREMENT=782;

--
-- AUTO_INCREMENT for table `tblproduct`
--
ALTER TABLE `tblproduct`
  MODIFY `id` bigint(20) UNSIGNED NOT NULL AUTO_INCREMENT, AUTO_INCREMENT=229;

--
-- AUTO_INCREMENT for table `tblpurchase`
--
ALTER TABLE `tblpurchase`
  MODIFY `id` bigint(20) UNSIGNED NOT NULL AUTO_INCREMENT, AUTO_INCREMENT=332;

--
-- AUTO_INCREMENT for table `tblsale`
--
ALTER TABLE `tblsale`
  MODIFY `id` bigint(20) UNSIGNED NOT NULL AUTO_INCREMENT, AUTO_INCREMENT=152;

--
-- AUTO_INCREMENT for table `tblstock`
--
ALTER TABLE `tblstock`
  MODIFY `id` bigint(20) UNSIGNED NOT NULL AUTO_INCREMENT, AUTO_INCREMENT=199;

--
-- AUTO_INCREMENT for table `tbltransaction`
--
ALTER TABLE `tbltransaction`
  MODIFY `id` bigint(20) UNSIGNED NOT NULL AUTO_INCREMENT, AUTO_INCREMENT=5;
COMMIT;

/*!40101 SET CHARACTER_SET_CLIENT=@OLD_CHARACTER_SET_CLIENT */;
/*!40101 SET CHARACTER_SET_RESULTS=@OLD_CHARACTER_SET_RESULTS */;
/*!40101 SET COLLATION_CONNECTION=@OLD_COLLATION_CONNECTION */;
